x1,x2,x3,x4,x5,x6,y
0.17905679057608842,0.021739887030156044,0.5699493136841257,-0.5793258724855738,1.0,1.0,1.232701017503526
0.7822725975281075,-1.0,-0.17767842214447055,-1.0,-1.0,-1.0,12.746367750163715
-0.1065912040721482,0.4640606873975007,-1.0,0.9941427704557818,0.6504163836545749,0.5714548542205671,-0.03804244638450194
0.7596178600052592,0.2620136866557694,0.49657117706827636,1.0,0.8830929142131836,0.5536477795879089,-2.532622235040054
-1.0,-0.8353858640317192,0.36023819182268646,-0.06791789714852481,1.0,-0.5659594648654407,5.546587790243434
0.12187030458974069,0.1231329732923947,1.0,1.0,-0.8793675740468988,-0.25254058257448214,-0.8517279084803608
0.6274709872029249,0.7441295557367003,-1.0,-0.7469993443071383,0.6434095822107477,-0.9806058469185945,-1.3833933091963935
-0.592143211829504,0.0841553303580167,-1.0,-0.8906620561877036,-0.7400073219655504,0.7854781879029391,4.001970173648308
-0.021104485319316302,-0.048055398549905703,-1.0,-0.801751772981006,-1.0,-0.6258390395601037,-0.8768241685824851
-0.36343270688679086,-1.0,-0.6745060303170008,0.2878820014102063,1.0,0.03017896976894735,-0.5830320062603459
0.25668158648704487,-1.0,-1.0,-0.051046761443991465,0.5356923729105915,-0.09088723753594097,-2.770589851342138
-1.0,0.03497935398544105,-0.7519800246221382,-1.0,1.0,1.0,8.643028218959204
1.0,1.0,1.0,1.0,-0.5473240707395568,-1.0,6.200270505154685
-1.0,-0.9739387046909103,-1.0,-0.8036579637315195,-0.4511019852693454,-1.0,4.3679924490036015
-0.8828760431392267,-0.2943078272966515,-0.6218875128074578,0.6679617743893403,-1.0,0.03693766582753949,-2.5920309859415367
-0.266396013846218,-0.8007565726709798,-0.11286734064282866,-1.0,0.21007203269567987,-1.0,5.7561832565100515
-0.0982890534299099,-0.08918310284526954,1.0,-0.08884598120925308,-1.0,0.579299107585979,-2.0156952406191735
1.0,0.9400249441569746,-0.517560785575043,-0.5659193840972994,1.0,1.0,4.7829239527725464
-1.0,-0.7945103260951398,-1.0,-0.6661565063651544,1.0,0.03780406099320399,-5.167590239197371
-1.0,-1.0,0.035282337973926214,-0.4307444466647927,0.21916223499970267,1.0,-0.5081596262183226
0.9188253396105408,-0.6220289271707727,-0.11315776515424558,-0.11820101407325756,0.9081485313715757,1.0,-0.12249234724424685
-1.0,-0.1858411542711137,-0.3030656208635436,-1.0,-0.11135501849799856,-1.0,2.8560568571685847
0.8041252750440145,1.0,1.0,0.7299391951610671,1.0,1.0,-7.904773747952518
-1.0,-1.0,0.19031705492816786,-0.6151819700804255,-1.0,-0.6120482408531276,2.61621965218198
0.11097415942083533,-0.23141711114192653,-1.0,-0.7531943988668993,-1.0,0.2515619547340825,1.1755964235836585
-0.8837651624309644,-0.9216326749782572,-1.0,-0.6194141227412968,0.28208135334272877,1.0,1.9263271586920183
-0.315761334347642,0.8146282810035632,0.6985851262718812,0.7073196020666659,1.0,0.38657650983556513,-1.6348024826691585
0.8500402044408878,0.36015575286780355,-0.831509946179206,1.0,-0.9953579414246493,-0.46127793562181507,4.005756409815484
-0.9519556584336579,-0.5476585998621409,-1.0,-1.0,0.5698966585836591,0.5205451779504797,-3.0127674007008385
-0.7342745929809196,-0.7998085476288407,-0.7229077265260353,-1.0,0.7026051984810535,0.08157809426240771,-3.2256549030817583
0.7296240217062961,0.9827615665499145,1.0,0.8487722475523032,0.7473371340770658,0.9966322524488721,-6.677030442520449
0.4082094642236831,1.0,0.15125012797230974,1.0,-0.5762698045067766,-1.0,5.658196457558982
-0.6034563320838338,-0.4842534902158405,-0.8379064898488138,-1.0,-1.0,-1.0,3.031798978072448
-0.22916242120607722,0.5350016429000772,0.5350666536780098,-0.6491791039253634,1.0,-1.0,2.6802783467506837
1.0,1.0,-0.3741351271849745,0.6734640185926519,-1.0,0.9091698770082532,7.720054643106754
0.7476097315524797,0.9541502840065614,0.47992824120660105,0.05812142782377516,1.0,-1.0,-0.6379949610191407
-0.6344722354904591,1.0,1.0,-0.5336519671504618,-0.06632256712976997,-0.24791248709020844,-3.7989138930083195
-0.40570066730269394,0.41242704136265507,-0.11218677753918227,-0.6723318177472064,-0.579870085063086,-0.7906802323725908,-0.15047141592171384
0.4723193090573853,0.7053563098041058,0.8791834932467046,0.1621046945369936,0.07005009720343788,-0.2912817567731959,-0.9402270996615572
-0.6664392502394674,-0.03968972107748292,-1.0,-0.774155704732988,-1.0,-1.0,2.0105942464802635
0.583497606592432,-0.5195741020495814,-0.3759709784420609,0.3633587318801528,0.6486470560076967,-0.18914514174354924,-1.0815880793951522
-0.29859964667909455,0.41069523199398805,1.0,1.0,-0.9620082881227728,0.03608479613842519,-1.6098855450658227
1.0,0.3135833059212316,0.6977130775608351,1.0,0.4756014213717351,-0.5131131160895047,-0.8078719098974609
-1.0,-0.869304065735144,-0.9779709637405087,-0.9109604802057648,0.7368739436539675,-0.9972389374425445,3.7758874443392516
1.0,1.0,0.40432851118024526,0.2080347404858276,0.6807046204684438,0.23365029991857456,-2.3258788535978354
-0.9800890387631337,-0.9956003882391927,-0.3310593508215206,0.49062797859304275,-0.6825104217880764,-0.4584912911416683,-1.1071768942865043
-0.9634685037006048,-0.17703201044858785,-1.0,-1.0,0.1307321878727934,0.7578783820760968,0.09534174738595058
-0.6811931091520155,-1.0,-1.0,-1.0,-0.1135023039126919,1.0,-1.3086513986571917
1.0,0.27165238613623677,1.0,1.0,-0.49069376340363147,-1.0,6.7306792097855075
-1.0,-1.0,-0.15504697157464586,-0.8460648149859944,-0.3624223518962425,0.21892372247624547,-2.6082328375164052
-0.4379505991698095,-1.0,0.3660822095811668,-0.5631541609035761,-0.228460282495204,-0.817001675884689,5.277829515030463
-1.0,0.12097804549020652,-0.9731603227892776,-1.0,-0.9958467544295555,-0.5858189817052051,-1.9924315655130302
0.15891394142714232,0.5314767334788573,0.9381760403489268,-1.0,0.333328484826352,1.0,-1.3294178712522948
0.8397204431587362,0.5589701848003364,0.9292627798283817,-0.0035968568699827896,1.0,1.0,-3.3147877148592397
0.6717058838759462,0.3978311687373848,1.0,1.0,1.0,1.0,-4.709660903516492
0.12811093795581574,-1.0,-0.6564082489501447,-0.09447795401706749,0.4496750079625158,0.25765537991615417,-1.7367844201223273
0.2131087527204728,1.0,1.0,1.0,1.0,0.5993429826086754,-7.33067481909906
-1.0,0.6963984955590995,-1.0,0.6010909602191734,-0.7554265428390183,0.6970492071430983,3.0722604488000007
-0.7383758714643237,0.1152787684266173,-0.7723265396864734,0.18003270224730053,1.0,1.0,8.738016554995376
1.0,0.26278036603010224,-0.4622341847388919,0.6315902908575702,1.0,1.0,0.9341280115557387
-1.0,0.28746222146594963,0.10376049419033923,-0.21501972040125428,-0.7233535700131208,1.0,-0.5973934219582423
0.3859278491278362,0.8739377636661423,1.0,0.19578139454357069,1.0,-1.0,-2.5837164336643097
0.768220274958433,0.6578930470980149,1.0,1.0,-1.0,-0.38416230474265817,3.143220561495344
-0.7536454080325907,-1.0,-1.0,-0.24654958407298855,-0.6475087363407475,-0.5987095144875834,-1.921631253834685
-0.8503557581723047,-1.0,-1.0,-1.0,-1.0,-0.35896721980713975,-0.4662112279808222
1.0,0.12667932300207171,1.0,-0.4639851545591579,-1.0,-1.0,6.240430716511023
0.05150277831535563,-0.280243541402885,-0.9464145507958097,-0.7655639824465146,-0.05147652798828051,-0.7551329168355795,1.3621252859447024
0.27676874241057425,0.27867934070581635,1.0,1.0,0.2142926293841949,-0.3616628061921037,-1.077236286459881
-1.0,0.5200661667775314,-0.5779097678644199,-0.9809715284415919,1.0,0.7005344249954615,6.265245026565827
0.19033786671265068,-0.1234499429174809,-1.0,-1.0,-1.0,0.1525365725950424,0.8222936233072243
0.0008339947995123498,0.4285071129484009,1.0,0.1334009126693504,0.5959526109425188,0.31961503275377556,-0.5565906139477863
0.007772649381543456,-0.652087659873821,0.8804267466556859,-0.3409706599733012,-0.21200902709990183,1.0,-1.6350446703571433
-1.0,-1.0,-1.0,-1.0,1.0,-0.6458473763017671,-3.370951776281978
-0.16278110544285518,0.9717513331262134,1.0,0.4965258723056528,0.8918599125226052,1.0,-1.7092260405055906
-0.11693630808320549,0.5963245838541833,0.9306568401571862,0.9695970949019714,-0.6245670251286166,0.6937725617048071,-3.140277955387662
-0.7576187146064289,-1.0,-1.0,-0.374108345104066,0.9943692396168524,0.24496014331671795,-4.515088150610764
0.9424728846494917,0.4785652752412668,1.0,0.06737054462232406,0.14665792326225255,-0.05810532053808047,-0.6199968497755141
0.7635958208134008,0.41948224899327236,-1.0,-0.7634036916544629,-1.0,-0.826202899179353,2.9127667935693045
0.4282566808270729,-1.0,0.43077926942604144,-0.9305112507561414,0.573272857715565,1.0,-0.46907487035568374
-1.0,-0.9585806233797818,-0.28375477077891254,-0.4109041625042249,-0.6510740385861136,0.28983241060152937,-2.918382662316437
0.17401234683755412,0.6168095583249489,-0.4252233361541519,0.18651613748844564,-0.5706984306926888,-1.0,1.7756251266474345
-1.0,-1.0,-1.0,-0.09238008020096633,0.7122450999994197,1.0,3.1384714762125157
0.7014846360129223,1.0,0.15545556934590815,1.0,0.9079251278379936,0.8899543895135307,0.3566739846764839
1.0,1.0,1.0,1.0,0.7156915769963206,-0.565914242960994,-4.309799366050249
-0.6486676631569454,-1.0,-0.0012766185306746225,0.41702054753553597,1.0,0.07240422389302514,1.1146967796505256
-1.0,-1.0,-1.0,-0.8420350528913336,-0.17774603880252116,1.0,-0.5870000506478922
0.633700900439286,1.0,1.0,0.7145151138923072,0.14499934469685694,1.0,-4.251472766744634
-0.4542417855344876,-1.0,-0.17208277681322137,-0.24334547938040002,0.705907427377951,0.747460708373024,0.9034723741750672
0.23883601099817164,-1.0,-0.24198705842999835,-1.0,-0.691837680013453,-0.4000180831096046,4.70039652628879
0.10806677746533033,0.23068344176796596,0.055891446353150576,1.0,1.0,1.0,4.630753363205994
-0.8084518174929307,-0.38075681127238004,-1.0,0.22461589344073346,0.5389959182316533,1.0,7.661426342392437
-1.0,-0.7397467686648249,-0.5592482751559655,-1.0,0.8829398140305185,0.1185341200207799,-0.3989188041419871
-0.5161534449531968,-0.609051242924429,-1.0,0.2977472846267786,-0.8450008905885997,-1.0,0.8987483128017868
-1.0,-0.4191764375965199,-0.08939470683176265,-0.23381864881714892,0.4287686341773296,0.7604694385761144,1.1478488540825706
0.25021556842852066,0.7795855324803415,1.0,0.29219191162283226,0.19832950548770834,0.7520472971588279,-2.6582709783376703
-1.0,-0.5487782658110425,-0.48182798374308267,-0.9937183525851749,-0.07372580244953464,-1.0,4.3492261216275425
-1.0,-0.6047689346181114,-0.35382689819090873,-1.0,-0.335574873609229,0.004500131394174989,-1.1927724594878484
0.7567145256971544,0.13809782134963117,0.4714207409323593,-0.22083834921634846,0.3501861233039081,1.0,0.5625448264275114
-0.8024102831639923,-0.7104969784625477,-1.0,-0.44552775329487226,0.2900350752705977,-0.6935109165087335,1.4310814253837634
-0.5705021282255485,0.5585992677931269,0.4926470603404376,0.16953680213026362,1.0,1.0,4.524415952668131
-0.7687992100704474,-1.0,-1.0,0.12490313528305547,0.027631644117585896,-0.9092373167117852,1.642082465004097
-1.0,-0.21229518741802145,-0.8311741181166169,-1.0,-0.32063957799999865,-0.602644316140011,-1.3654192664320317
0.24815756155050495,-1.0,-0.16766164590454047,0.39252361409858044,-1.0,0.22351860031641763,2.435645805910918
-0.46184019075692306,0.6655908113923343,-0.32935558094981593,-0.06463259118979642,1.0,0.24229796888262722,2.733776609052936
-0.11345193788653951,-0.570969907827403,1.0,0.5357294699398252,0.24560762870793185,-1.0,2.590329233455154
0.32586882840594145,1.0,0.24836391863124008,0.4734197152181632,0.7789926976483732,1.0,2.9114715004955314
-1.0,0.6929258011223371,-0.41997353358568934,0.3921779214345023,-1.0,-0.506853800040551,-2.8943529374697925
0.23815033641100936,-0.24325187603262743,-1.0,0.08053279804592894,-0.6582692860564158,0.46008216397413926,0.9956617602704586
0.11637590555891508,1.0,1.0,0.566280214474248,-0.6378087317142398,-0.8533283719061215,-0.4325304979984866
0.5260437577371374,-0.24701628416092958,0.056839275876276685,0.6013918194694406,0.7563916919275854,-1.0,0.18138046909267969
0.9510006084031567,0.9763237213814961,1.0,0.17169948814402647,-0.4767644169004118,-1.0,1.584825125842491
0.10113761922645281,1.0,1.0,1.0,-0.28443879014623474,-0.4565054515759782,-2.020755303687813
0.42482557343088245,-1.0,-0.7370719137294428,0.1801344923360701,-0.831623565629803,-0.8035989648705706,1.5942653519589525
-0.5713685663111957,0.4485485848294894,-0.8660919694036536,0.34075980647040544,0.5394856376359822,0.20648967547805464,1.1772477740862923
-0.936240947391635,-1.0,-1.0,-0.9324225113859175,-1.0,-1.0,4.052722945261652
0.36098887873418317,0.6459045491441384,-1.0,-1.0,-1.0,0.6298881190395791,5.611332064657457
1.0,1.0,0.8826411920191372,0.8848521303906673,-0.11481401424968563,0.6296730964816895,-2.2933263374404365
-0.2983659394715159,-1.0,1.0,-0.9840565565318307,-0.5884407157082392,1.0,-1.1726540951488862
1.0,1.0,0.2464252334741534,1.0,-0.6917671713939083,-1.0,11.054365541675043
1.0,0.7367835328476458,1.0,0.7059177685224689,-0.8550887477932765,-0.11937860025561742,4.647530917802943
1.0,-0.8287229064415822,-0.5462546561800593,-1.0,-0.8563211372780921,0.19843307981603797,5.878351339149887
-0.9417250100268542,-0.016244567320783554,-0.18219383168357162,0.11214886997007678,0.28167191815254844,1.0,1.695241428381629
-1.0,-1.0,-1.0,-0.38391101940754657,-1.0,1.0,0.2547170740276222
0.636693250593219,-0.33780098830033356,-1.0,-0.40112201679916915,-0.3626734497921793,-1.0,3.22143068511666
-1.0,0.19878573124746937,0.24221782624159327,0.11166486886305327,-0.9552635236716355,0.4029584982183308,-2.6949587095364245
-0.3129184515692102,-1.0,-0.6590812330488116,0.06661414002825167,-0.39781955947373326,0.01797703976521678,-2.0708249822149263
-0.23417858193080132,-1.0,-1.0,-1.0,0.1761213935800161,1.0,-0.6847610918457856
-1.0,-0.604949521858321,-0.36493025969075155,-0.3721193325614567,1.0,-0.0233581713187887,2.2418222197247255
-0.5487161875214115,1.0,-1.0,1.0,-0.3265824004012168,0.1736005890940751,1.8079450739032146
0.6607329906247761,1.0,-0.6439846603894774,0.9288914406931092,0.44992084359531404,0.28699907867503727,0.15570466038784297
0.22904040519801872,0.42710514089597473,1.0,0.7794391859349026,-1.0,0.20430769878576607,-0.9331511050397616
0.9366094243166596,-0.52571842313685,0.9842085850820013,-1.0,-0.10291008604251539,-0.13561932452873826,1.0015442514060837
0.22589716164032114,-1.0,0.5397885970969934,-0.01471533045462664,-0.3328852220615822,0.5046673557935951,0.7305667161263231
-0.705886215145206,0.4801502557091066,1.0,-0.3819948540273484,-0.24765663664486492,-1.0,0.3457756538019581
1.0,1.0,0.40151674720347785,-0.8424956631466671,1.0,-1.0,-0.9031200690764316
0.8698213505046136,-0.17886800296703725,0.09464067559850192,-0.5964946943663649,-1.0,-1.0,7.181390816136626
0.22015411652969247,-0.1913656481750925,-0.4703994171043614,-0.28729165738756807,0.5997543042632203,0.5332478187322764,0.8015866858807086
-0.7320318416226275,-1.0,0.2943194242269973,-0.5520155503288062,1.0,0.012498026317032673,2.4447521999217336
0.3171332013381717,0.03578539605917719,-0.8133004076083838,1.0,-0.4006130806134333,0.15730011573897562,-0.47468941990663793
0.6581417053416696,1.0,0.11923757968584447,-0.16914645817619595,-0.21813920293936342,0.36469856211424073,0.28049551442986
-0.9328173685034122,-0.6825401906702134,0.4986088119293828,0.030930836577820642,0.3481545967769597,1.0,0.4345443645099342
0.0211163725860061,1.0,1.0,-0.1116042919690109,0.19038394439678652,-1.0,-1.3052066791756953
0.35801463697255953,-0.6439676882415224,-0.19524598975539503,1.0,0.3843072162714126,0.9171298647057033,2.5714485557212536
-0.5179709490667996,-0.655445652653569,-0.6837221668741027,-0.5046431916285863,-1.0,-1.0,1.3269519495278668
0.6386530545220831,0.4610288407418197,0.1794875402485785,0.8237829357848632,-0.27743686868991524,-0.0362081339917632,1.119907586562698
-1.0,-1.0,-0.19780882675789246,-1.0,0.05539766173965743,0.6256771503266011,-4.520418178675279
0.40905328747784875,1.0,0.5914467489808866,0.0139857290428278,-0.16983516513655234,1.0,1.5370995158612217
-0.2898057122934411,-0.9002901818956549,-0.8075202349828621,0.2303819607931225,-0.7486741664110866,-0.42721131970142723,-1.615997101255551
-0.13279347060150887,-0.9389034203374707,0.48312667979696605,1.0,1.0,0.6722902122055425,0.8504142164990143
-1.0,-0.17296075626822982,-1.0,-0.5804662040117704,-1.0,-0.052863399235866027,-2.7346179927308767
1.0,1.0,1.0,0.6284387202196442,1.0,0.4448710722760043,-7.528160379929476
0.8206124653691669,1.0,1.0,1.0,0.6630844740604838,1.0,-9.4500359188628
1.0,0.6151969363743088,-0.3205817105937003,0.3042508349101496,-0.14362542836907644,-0.011568382369218977,1.1660221581070151
-1.0,-1.0,-0.32670686324158327,-0.5403375292267375,-0.16843715582688445,-0.41512258091018195,-0.36077121948647606
-0.3632358020308747,-0.5277317434380261,0.41827450739407857,0.40898871120868374,0.2873754916315874,-0.0829525068047538,0.5371561184591438
-0.787721022222062,-0.7068118048007319,-0.2865707319769424,-0.5786660710346456,-1.0,-1.0,1.480360991844187
-1.0,-1.0,-0.7663002479473078,0.4022020998903397,1.0,0.3863437599064176,-1.9770613844400102
1.0,0.7235548440124329,1.0,1.0,-0.4171701290267207,-0.5978667157884575,4.384257058786318
-0.8591884164747186,-0.2234525942593132,-0.22065284678972175,0.03952775538827677,-0.3230030669786493,-1.0,2.133753641686423
1.0,0.2549016925500258,0.6266806287741784,0.7107883190640436,1.0,0.3486610433495635,-3.355931855261338
-1.0,-0.8768059223923356,0.25581855839124124,0.6730112304487671,0.42166989821066125,0.5123398583272751,0.6797790988572581
0.5861893765314521,0.7885154302496289,0.5897390804011646,1.0,-0.19497018420840717,-0.37696792362810816,1.0568615804585675
0.3462097737980364,-0.23110022466465507,-1.0,-0.5879787521634275,-0.4610654850982673,-1.0,3.6578156823539745
-0.3393187105533198,-0.6331041898749672,-0.8833898237772102,-0.8202918108307327,0.35614654490503894,-0.6637852433976592,0.5503908742162581
-0.9391283486373234,-0.381443180817865,0.005115796667130024,1.0,-0.38090320351014656,1.0,-0.42384043760929363
-1.0,-1.0,-0.6671184140015467,-1.0,0.12133933966814772,-0.024039971948528638,-4.792252851170798
-0.20635391399832415,0.5271496666376196,-0.3889224833092543,-1.0,1.0,0.21741203528808184,3.597764423344158
0.8253679324525922,0.1993072660568953,0.88685386281035,1.0,-1.0,-1.0,6.265421943063258
-1.0,-1.0,-0.2649645463001169,-1.0,0.45884547653406443,-0.20223172681180324,-0.15957217776061206
0.5116969868944402,1.0,0.7603629833850559,0.03762873765655411,1.0,0.9771385495600402,0.5373153866003298
-0.41347407875793696,-1.0,-0.20405504781939965,-0.05993908139349258,-0.044706942252516535,0.41585645788718134,-0.17007226517216034
-1.0,-0.646280224093781,-0.9107195327494124,-0.6767758808654787,0.41674611485969937,1.0,3.3673518700632457
-0.15379178147394995,0.2863656614314137,-0.5628537982239683,0.011572555227476577,0.5540452198032066,1.0,5.433748294149455
-1.0,-1.0,-1.0,-0.013593964894074162,-1.0,0.023261874195676546,-5.784127051779945
-1.0,-0.12041733342727867,-1.0,-1.0,1.0,-1.0,7.338162983921052
-0.6597213374611142,-1.0,0.6467225933420082,-0.7033050948131164,1.0,-1.0,7.789264482859899
1.0,-0.42777007032327186,0.0643753318157958,1.0,-1.0,-0.05425185878612071,4.772774523500207
0.8181770790937664,0.4138679751807405,1.0,0.05638821489222612,-0.6543905582482128,-1.0,5.201268224212544
-0.7730401556181474,-0.7149645345214071,0.1333437573291133,-1.0,-0.5738179023701867,-0.04377245718925804,2.1500997406855147
0.5916596450791167,0.8502721030616252,0.5550808028034192,0.06275953830447767,0.5097427612499228,-0.9494533229086756,0.49616427266975416
1.0,1.0,1.0,1.0,-0.09106934464403216,1.0,-4.622326406152231
0.291800739795395,0.42678910279402055,1.0,-0.17502728765733444,0.2135554513561717,0.8702402770434061,-0.6746133638258922
-1.0,-1.0,0.0020173768042297258,-0.9249880600040614,-0.4282316640414442,0.5661078960151276,-2.593889782860546
0.8026105792954358,0.9659894721737273,0.38326372323568847,-0.008269349860588027,-0.5174646821618091,-0.2225431859094367,0.6990579335025388
1.0,1.0,1.0,0.3064528646158373,-0.4202726802700458,-1.0,2.660444498974903
0.14369466124315355,-0.6793873023187865,0.5031204479640546,1.0,0.8620412475375087,-0.07627608519678264,-1.1208037601349403
-0.4877907264734235,0.6241410401035858,-0.688177750482022,-1.0,-1.0,-0.1546048396200942,-0.3007661003394272
-0.08139440690339111,0.21335182031496064,-0.752578376624014,-0.5118349204404018,1.0,1.0,7.248818951485627
1.0,0.39089462775638717,-0.3060758725267111,1.0,-1.0,-0.9018160403088996,6.82628033753155
1.0,0.20646037364771108,1.0,1.0,-0.6422431082675127,0.13025456955978515,2.1195156545423193
0.23605966444013626,1.0,-0.2704638604864107,-0.351418405157213,-0.8038417961680803,-1.0,2.606978428948312
0.6664365781454389,1.0,0.20202483153460338,0.1827200366778412,1.0,-1.0,0.16317635655544951
-1.0,-1.0,-0.6382920530087519,-0.22043995335992206,-0.8331144939281563,-1.0,0.5407288360703599
-0.35072408708791225,0.21657594848677897,-0.18387813532015584,1.0,-0.2712725102518053,-0.72196053238587,1.0552695842458057
0.9668918898172268,-0.1195615607453051,0.5985608249887255,0.9569486474850617,0.1672102720766957,-0.23469350001536005,-0.42958732919376486
-0.10054903955228717,-0.3671206890977219,0.2616207331256435,-1.0,-0.510472595739909,0.08607289855907038,0.2760029708028991
1.0,0.6028000086124081,1.0,0.6564323551692126,-1.0,-0.2952255219702893,4.538672883363772
0.7812627957143888,1.0,0.5776909919839354,0.15946707104630087,-0.9385420972199416,-1.0,4.209263459582363
-0.06146271454873509,1.0,0.01992276948045002,0.479088293015663,-0.1283900666301273,1.0,3.019945189467665
-0.056105524180422806,-1.0,-1.0,0.18746242911776026,-1.0,-0.45028050537156283,-3.1416578116438023
0.8427415970597498,0.8026046923700603,1.0,1.0,-0.8805357602808809,-0.15928883227852508,2.6619850151963456
0.25054112263423567,0.5246676561259213,0.8658526609926446,0.5604222658981606,-0.2134855838377991,-1.0,1.8329055678916732
0.676259801382785,0.475528816400864,0.4351178722619795,1.0,0.897498620280168,-0.819778676688846,0.45234022375097094
-0.4307139991678205,-0.7761110838226132,0.5650301632021182,0.12243488584823631,-1.0,1.0,1.1503069988713062
-0.6535232994013092,-1.0,-1.0,-1.0,0.05319743483320838,-1.0,2.775872533654073
-0.3909023134037356,0.46710852194394414,0.9386642130698124,-0.33648180130992184,0.38779566867508053,-0.5435741381013082,0.4314354226483679
-0.10895373492785965,0.3444071665387894,-1.0,-0.24882877621540206,1.0,-1.0,1.6195101568436154
-1.0,-1.0,-1.0,-1.0,0.7811817186906015,1.0,-1.748969845287849
1.0,1.0,0.06704973362838923,-0.2326175973585573,1.0,1.0,3.339852191689819
-0.6898044934178275,0.2894072000985996,-1.0,0.8490225414139826,0.00608837288288,0.6342813603188435,2.1986984901399933
0.3208039254927987,0.28775602395635125,1.0,0.7132371366219505,0.7838416221739298,-0.6672197834772289,-1.161590403779506
-1.0,-0.9956273418311185,0.1386420273962672,0.0981194771337347,0.09842285064863654,0.5139445832599777,-0.5209716510933453
1.0,0.09889237725894451,0.2755618278578784,0.19412508542363316,1.0,-0.6608829080254974,-0.8875877899521067
0.9709314328474403,0.41965092616503163,0.16407413170877239,1.0,1.0,-0.7806019091005316,-0.7831589970100623
0.15228269761041502,-0.7800057540298233,0.2592656202029613,-0.6220033711419306,-1.0,-1.0,6.841807960954996
0.19647174052837596,-0.27813437715416955,-0.417916588084287,-0.4696908820743273,-1.0,0.4198000575916468,1.3739157336130834
-1.0,0.8391781668908853,-0.9746809266822107,-0.9284718397367003,0.977901161153695,-0.03477014995941019,2.126622600046159
0.4398387708745889,-0.42618953383241054,-0.6987134669674947,-1.0,-0.73721514908043,-1.0,4.10841809176377
0.8005114771149155,0.8302949287192926,0.1463263870460748,-0.413399560753597,-1.0,-0.8613628617190394,4.361310486861215
-1.0,-0.4591273748448248,-0.3735836342235639,-0.3970596931232101,0.6668371471380181,0.8879068580465677,2.825719318845824
1.0,0.4985888845575871,-0.7488015987431467,0.7669118714385537,-0.17780164884013894,0.576045006462462,2.0738470907993047
0.9806557493510607,0.6605930466224259,0.5421280857305617,0.04861748998867277,-0.6330948663367129,-0.7642286736369622,3.7858363294401123
-0.3537473912403177,0.3192050156145545,0.007737107433970561,-0.45411403261549554,-0.7346908685938647,-1.0,0.131522659910953
-0.042327795382891886,-0.30360515264174004,-0.6809243338745171,-0.7492443630014083,-0.6209073821613815,-0.2022682503138702,0.05681530450793566
1.0,0.7258460976368615,0.001531910057502417,0.7784269626863737,0.3703454066603333,-0.21884881951896737,0.4518072323588846
0.18682729080014204,1.0,0.9051698152392493,1.0,0.8886767288004938,1.0,-5.429549086544766
0.24738425257673202,0.922357090254667,1.0,1.0,0.34481055176164066,0.7058836290959081,-5.518808624063465
-1.0,-0.7518310509985553,-0.32968163232862624,0.6439923466783284,0.5642877866197894,0.8654173483630518,3.560603130760766
-0.5722409116401244,-0.6174006008548442,-0.9240545011225851,-0.7365092710087984,0.39700266091225966,0.042707898269800953,-1.7274166604487855
-1.0,-0.7354720060541385,-0.6306810742865184,-1.0,-0.4729138016321438,-0.5827821918053018,-0.5860822046025788
0.2795478920111841,-0.15646282914872994,-0.6240476872735878,0.19894630903919308,-0.12854435594946123,-0.49837376604584094,-0.24795223027509722
1.0,1.0,-0.423778871754654,-0.47227437578801895,0.09753342494647854,-1.0,2.837616415697968
-1.0,-0.1306193531592046,-0.6782633879259697,-1.0,-0.3199751935141346,-1.0,2.3152235493358457
-1.0,-0.7899701960357934,-0.17971972461939623,-0.9174288577018092,1.0,1.0,4.332719362258243
0.1598665351532187,0.5557813865910061,-1.0,-0.6545756817916326,-0.10987609177111674,0.49436453458964524,2.9245419072538157
-1.0,-1.0,-1.0,0.15972085662691674,1.0,0.29891584806527816,-3.9735701430424712
-0.1129724579245206,-1.0,-0.5082519499052371,-1.0,0.33285138270664627,-0.7296658115886364,1.601635029834125
-0.7720778430329549,0.3475884927497462,0.30684460152930454,-0.27279127740009645,-0.34331953741208454,-1.0,1.2732840469217532
0.6085524508638402,0.632672293905601,0.8109530483100655,0.14254640894258402,-0.445896246393954,-0.1459657668024572,0.23860074077540194
-1.0,-0.5632136293797954,0.2982356020755672,-0.700985138585908,-1.0,-0.12947749394443236,-0.2773406544107159
1.0,1.0,1.0,0.9477774963356049,0.7773468281310494,-0.20529933268811296,-5.425041635510225
-0.532567552722548,0.6354325122949049,-0.9041195310404162,0.06590322922521807,-1.0,-0.24906643397710382,-1.3656777250965202
0.11347158477747149,0.41432675950669745,-7.940518250265649e-05,-0.34405995239767084,-0.7215031206721045,0.656561374992443,1.6658478192311725
-1.0,-1.0,-0.8757507346631495,-0.010671399477304,-0.7008054609254021,-0.9794459623123863,0.37950046421454775
0.07926197506573707,-0.22049683590676206,1.0,0.023879495537421913,0.5119037099816891,0.6925250342127937,-2.1202843482205775
1.0,0.3475316913337665,0.06969941208412767,1.0,0.3035421066257499,1.0,1.3443382373197745
1.0,0.4903382690744047,0.7833335952246034,0.23618515459899325,0.6009133681014961,-0.05624910442786035,-2.0615202191088713
0.3570038225498169,-1.0,1.0,-0.8070618291177669,-1.0,-1.0,11.809714440487692
-0.05323411985986204,-0.992583318934912,-0.5978282683260702,-1.0,0.6473589372769983,0.2517333297997719,-3.3843087641377574
-1.0,-1.0,-1.0,-0.5608249085624253,0.8477953390131178,-0.9815010461306191,2.598536696306436
0.2540122547041277,1.0,0.49553536877852644,1.0,-1.0,0.11812944938136526,2.1998066504728877
-1.0,-1.0,0.07801492463243775,-0.5075981028829768,-0.0723707636282287,-1.0,5.14194885259788
1.0,1.0,1.0,-0.15260328920732436,-0.07961424797031147,-0.22983395524828354,-1.390847023739377
1.0,1.0,-0.966988638110962,-0.4564967750603206,1.0,-0.5946359603955281,-1.9984853325454324
0.15374122080379005,0.6873034956657973,1.0,1.0,-1.0,0.7847957774857649,-3.0709253147376256
-0.05647406555920875,0.8629040661689854,-0.66045604820598,0.2959084058718576,0.461356478809508,-0.19833487883379258,0.8860705176943987
-0.284905626050044,-0.23223872071981644,0.7033658955607712,-0.7158732946575954,1.0,0.32481513147355745,0.2833722113566516
-1.0,-0.40183438742068495,-1.0,-1.0,-1.0,-1.0,3.4529369769630773
0.6425476253947593,0.9985837162646285,0.14523571733736929,0.07161608244722517,1.0,1.0,3.0550548351035705
-0.0951263709606518,1.0,0.5189999393778025,1.0,0.3234333336973828,-1.0,0.2037774730601667
-0.46667394613092933,-0.4390296711355687,0.43339838588567026,0.7994669263675075,-1.0,-0.2665003150273984,-0.49417393385518793
-0.9240512199817769,-0.11786213985666188,-0.9692541737055842,-0.0821751130617705,0.18522840886188496,0.11326761956554587,0.08429931694566395
-0.6928469649567995,0.12026773673628943,1.0,0.18958689845874388,-0.7103984176096108,-0.929128821590716,-0.02658394530918906
-0.7990708188380811,-1.0,-0.10182058034507024,-0.774975006719985,1.0,1.0,3.2236951154170965
-0.47124080128800383,-0.2969648690129859,0.4899973129316172,-1.0,0.6564106130209831,0.813062284630788,0.19546755619184752
-1.0,-1.0,-1.0,-0.572816474997103,0.5948487237679987,0.5475582586711472,-4.713212777448568
-0.5914078484535282,0.2991130546046771,-1.0,-1.0,-0.40680139576432056,1.0,7.327883193564934
0.4836319057298023,-0.8384271237384638,-0.23108605867712412,-0.7432891886776931,-0.5133324732321507,0.07380502835432445,1.8354207831345613
-0.6895574804283392,-0.9728789631710055,0.020446325234813267,-1.0,1.0,-0.028637112448521074,3.0516875833421993
-0.14647886063569382,0.4318274696493716,-0.9100139381272975,-0.03789441968117874,0.22120654094724299,0.3399693606700607,1.9926386455299028
0.6283344912443172,-0.24765270928941358,-1.0,-1.0,-0.837582487262092,-0.31030899779917,2.8468129255814856
-0.3487620511658651,0.2789826697778457,0.27351751263173363,1.0,1.0,1.0,4.708791768604565
0.9327071019962224,-0.6202625143774452,-0.527873350897609,-0.5723119350263917,0.708138834981169,-0.3380019503992321,-1.041219607862604
-0.35561585123013817,-0.4597142101160243,-0.17764667357109498,0.5485369213127017,-1.0,0.16697951681076556,-0.395867288015994
1.0,0.06522666329362092,-1.0,0.7564302256251969,0.22395307460558422,-0.164007058989857,-0.4639132484291485
-0.2344482328052857,-0.5314016905471881,0.13132894631186798,-0.16055068427880542,-0.2557947059823117,-0.768084356605785,1.197965157729942
-0.5210653521302195,-1.0,-0.8593127268818525,-0.38265717712785496,-0.420203273422308,0.6714216945545333,-1.5020655694772358
-1.0,-1.0,-1.0,-0.572991468730119,0.01787713953835368,1.0,-0.08686923408604491
-0.2525342593496016,1.0,-0.06241851697097989,-0.4955759134773421,1.0,1.0,7.373388584036045
-0.9534163308494206,-0.6467889834436772,-0.9484766366373454,0.024322391976143554,-0.21109010783022877,0.5062567356654837,-0.3205149555111191
1.0,-0.2331036516338157,1.0,1.0,-0.906495138221975,0.20331843701804475,3.2406791107791553
1.0,1.0,1.0,1.0,-0.8955130245131356,-0.25372119552007943,4.98360833977925
0.44067425550612827,0.5131889218327346,1.0,1.0,-0.034554855320635625,-0.645697995052039,0.25524970641759576
0.07756132123297244,1.0,0.5312045522159692,0.9848176435025922,-0.08641162139900926,0.7169494616995384,-1.422619504041102
0.726590124326806,-0.9033193649107252,1.0,0.4064408626176638,-0.36983256169205436,1.0,1.7749571182018284
-0.41705792178920587,-0.22625046670365873,-0.8142039942088827,-1.0,1.0,0.11599884237423788,1.7400201598513485
0.031054320860571583,1.0,1.0,1.0,-0.23656213598060827,-0.5646717786643712,-1.4817634075689734
0.6136742570657528,0.20798566527548956,-0.9988944879123565,0.8501204732278306,0.6332690991945303,0.4238293490033448,-1.5265726468325032
-0.38341687797100743,-0.2797070278061342,-0.08831784894863554,-0.24860207369850135,-0.5472210102868058,-0.08287474958366281,-0.1540585781016383
0.19366845418095147,1.0,0.6194377744023938,0.9040988236371194,-1.0,0.35523205407473046,0.6965483970974155
-0.4841018415245127,-0.03645738050613434,0.12408803111273037,0.11388708253678143,0.5623626337173738,-1.0,2.9993425339065283
1.0,0.3859450587751923,0.1342346673976525,0.10943274745112208,-1.0,-0.8979357273036378,5.788066223218039
0.15082051292047605,1.0,0.6982938591197819,0.7067024644089397,0.892425363671972,1.0,-1.6491756967108062
0.3458563116813931,0.0970222584529512,-1.0,-0.3403203267243674,0.17230654137329582,0.980712010874859,5.773179724037892
0.06793888050395308,0.31892246581778505,1.0,0.883900615266469,1.0,1.0,-1.118017898875385
-1.0,-1.0,-0.6783901323818138,-0.24310848664707163,-0.3516119112034177,-1.0,2.0551286835376943
0.3935170677882118,0.2326388458932478,-0.5023999500842325,0.33926679885482336,0.6486916393694763,-0.41790411517251425,-0.3711313294223515
1.0,1.0,-0.04469517933599482,-0.32409077442645057,0.6273152888073721,-1.0,0.8382241389958895
1.0,1.0,0.21785707850404923,0.2248022722455727,-0.6556409862893582,-1.0,5.4378674044836925
0.11888417159821807,0.9606162714064583,0.576983552069828,-0.7305029014328072,-0.7008052800312186,-1.0,0.10502181920307727
1.0,-0.2606842386954327,0.5163293357400363,-0.061062474139186584,-0.6516538193250381,-1.0,8.698241537799468
1.0,0.8527024633250567,0.930865848565182,0.9183129972623479,-0.5466459181336286,-0.2784167624920211,3.153342658101738
-1.0,-0.876419544707963,-1.0,-1.0,1.0,-0.19757459036850966,-4.787395403771561
1.0,1.0,1.0,0.2574449918612084,0.5408063377428849,-0.026685780054759578,-3.248923473858689
-0.5195192460519947,0.20296077479808755,0.9185761107815476,-0.4936550816956451,0.37630278117286986,0.3142621000779217,-0.6130293665879993
-0.6558424756722739,0.4651164097870779,0.3270255046426812,-0.637248491825513,-0.3991991274571071,-0.48365363863848754,-0.2720690380871249
1.0,-0.26330007908426734,-0.6029973177198593,0.3034037143888956,-0.033682063514102745,0.3913569165167964,1.914218695567817
1.0,0.3770125563945974,-0.40319184592879065,0.08074788075575379,0.4029121519836274,0.2796509822976713,-1.2385825657518077
-0.20874195807612522,-0.5437682520926286,0.8905918546476349,0.399030760783778,1.0,0.5695553810593763,-0.4235037236260172
0.12770938732680293,1.0,0.7880806344177558,0.9112634593172191,0.9808896854049228,0.05015401620989035,-5.096921875180674
-0.06744791419642693,0.7603699574224081,-1.0,-0.951904002985333,-1.0,-1.0,1.6450064469410421
-1.0,0.14177034476534323,-1.0,-0.6419182407986108,-0.4068750699543629,-0.8807510282724254,2.613961596041711
0.966182025095367,-0.8249531901367098,-0.46094650205072246,0.3663213831165399,-1.0,-0.7557439974608688,6.430087168191564
1.0,1.0,0.9793973756061773,1.0,0.4508791190515531,0.07063817514159898,-5.509382559734199
1.0,0.24557891162725254,0.5558359998346025,0.001374561829387999,-0.721113182138325,-0.9684272439295899,6.564395740174098
0.5115347331093518,1.0,1.0,1.0,-0.8024768741167667,-0.11401684977820703,0.3260629353646799
-0.6720108595058913,-0.9257532802949048,0.26298730195932474,-0.17138504508784416,0.6607304140409749,0.30627754004746677,0.5625744609013312
-0.3503950361213085,-0.2569976627187134,0.37483343944456327,-0.42162287314082875,-0.06985237724643234,-0.8622008810516439,3.3206857675238783
-0.4262806957071781,-0.5345737978649159,-0.4463415494654196,-0.06984953125059779,-1.0,-0.24741312755709832,-0.856247810032365
1.0,1.0,1.0,1.0,1.0,0.9373959982542067,-9.755479976895595
-0.5590345221493277,-0.9981431589157694,-0.4060261449759357,-0.17530160894376556,0.19495640054676766,0.010850042403830973,-0.7529180930285675
-1.0,1.0,1.0,-0.8236271422193802,1.0,1.0,-1.2029586056195798
-1.0,-1.0,-0.12323829913823721,-1.0,-0.5242780425261685,1.0,-2.196694004176569
-1.0,-1.0,-0.27588267846301817,-0.004507833806097428,-0.2882831618678082,-0.6732031081820121,0.6978829066230638
-1.0,-0.510080971664473,-0.00027211647447145104,-1.0,0.20323036476584475,0.0774968808779353,1.0030741549381625
-1.0,-1.0,-0.13651541427785543,0.20834346126771403,-1.0,-0.9129139346942488,0.042639358606157
-0.713576676692355,-1.0,0.6476813454084827,0.13811777467070474,-1.0,-0.4078880037081315,1.4352675379678637
-0.8265176319961458,-0.43990474621354125,-1.0,-1.0,-0.9333753364249877,-1.0,2.793151041196272
-0.9578412646776824,-1.0,-0.8054083014007891,-0.47677368293872546,0.0029677705849748826,1.0,0.047980061116655384
-0.06244145732302475,-1.0,-1.0,-1.0,-0.6016197437122651,1.0,3.525158413050652
-0.3490570003407808,0.4139977455329587,-1.0,-1.0,-0.33246144535551536,-0.7523019944157037,-0.8308921653601954
1.0,0.771761904544134,0.961430605331868,0.5627549285022877,-0.22339144725219873,-0.08131814264323212,-0.04725861837692974
0.6715625257517162,-0.1163998644385349,1.0,1.0,1.0,0.4990822715585561,-5.095791725833969
0.19060248584354106,-0.5808036682012031,1.0,0.41030756817779146,-0.611240904708799,-1.0,2.7214632263749965
-0.2438004208574562,-0.6983309558081117,-0.4412213843413526,-1.0,1.0,0.6784498811213511,0.8941029905090869
0.024963094690609977,-1.0,-0.8753194486800737,-1.0,0.144990433045312,1.0,-0.01744084336019125
-0.027373876725832025,0.23571636396713158,0.941683157065313,-0.07568790870018627,1.0,1.0,-0.008333563740974475
0.1376872037146452,-0.07643919784198189,-0.7918607750105875,-0.7941042757793417,-0.35956669222841603,1.0,4.927443435229455
1.0,0.9131256759623116,-0.7186169505247031,0.38763070267043087,0.2405797907075048,-0.4309204685770155,0.610336248342633
1.0,0.956915560172739,-0.13934959381373424,-0.30572875074615136,-0.4296069676816853,1.0,6.741428324109142
-0.6663302287519464,0.21226627473380916,-0.26301543451400317,1.0,0.4254974403235918,0.2005059725951988,0.30394686021557615
-1.0,0.7681085624922188,-0.7336639863173853,-0.2357396280127751,-0.4575115535349572,-0.6922658915121948,0.25652835697582754
-0.5532747136013474,-0.030287488060839474,-0.3267613233475062,0.7610921445597911,-1.0,-1.0,0.6458989031970688
0.1519463443691884,-0.7587052098267607,0.548030506168415,0.09388141477703685,1.0,-0.4602554163326355,0.7927134850411497
-1.0,-1.0,-0.04543295773903533,0.313173575908676,0.06488176842409665,0.1185509962136343,-0.7228092745475452
-1.0,-0.8684827002261379,-0.20917366426415301,1.0,1.0,-0.22684924653756322,0.9434935497372364
-0.4900127938707782,0.04037484689303339,-0.03367633133643877,-0.4926078439195861,1.0,0.6586950235193831,3.9031597316381377
1.0,1.0,1.0,1.0,0.6775050645678448,1.0,-8.93362595898875
0.4551451505411619,0.6650133295293483,-0.44449950401737337,1.0,-0.021518494296066656,-0.6291575832390611,1.008051376654272
0.8281506857880453,0.990305954101518,0.9897139896046995,-0.23859788542007954,1.0,1.0,-2.4118739079982454
-0.5619153246119791,-0.7189949756177898,-0.4136138848663359,-0.8823451666279885,-0.4629841225139341,1.0,1.0234432027927842
-0.23018927339857706,-1.0,0.43683468760166355,0.25471238266743357,0.34029270184924476,0.44932321572924205,1.3457677488410207
-0.5814374678316755,-1.0,-1.0,-0.3650911236114913,0.9394021886188988,-0.2928649388971635,-3.96775823641359
1.0,0.7129977385358037,1.0,0.9412139335386316,-0.9343509368718906,-0.23736157585971585,4.56009362318109
1.0,0.36355358018566325,0.43187334876377836,-0.3528207742272436,-0.17779291927828922,-0.1958703173814435,0.027238374364564
0.11146241100775,0.8265902865553771,-0.5266305524679822,-0.5971222832357819,-0.05628245665730304,-0.4852809722508704,-0.2463967661774981
1.0,-0.2937683217919323,-0.3965393229815369,0.6358735047604188,0.843714202016149,0.002398940915236736,-2.749564905071532
1.0,1.0,1.0,0.5045991986395559,-0.4309614742938478,0.7055566701623333,-1.8250863343234458
-1.0,-0.05908506357032289,0.562004780053105,-0.880923222039896,-0.5059044198308322,-1.0,1.4118969793826277
0.030967881727964608,0.5083539354147513,1.0,0.06368722217442313,0.7624988641632515,1.0,-1.0440910323786303
1.0,0.012016180798087861,0.448785609579194,0.25498083314424724,0.4809917451440844,0.8802795895726458,-1.5819696689553315
0.08540652971000151,0.08003149188795827,0.037005840417583674,-0.24620615717604177,-0.5180279374611976,-0.24368881662581376,-0.34967306539624565
-0.4146791128021574,-1.0,0.07684646043547061,0.10171870922291948,-1.0,0.49328648456057744,1.1647091347122283
1.0,1.0,1.0,0.5105586719069739,1.0,0.9837896721717165,-7.101645183933223
-0.022745879125272372,-0.9606353025686012,-0.11312619822427217,-0.61937913331557,0.7839859549002908,-0.7228053714591656,3.6936470143724383
0.34629232547220534,1.0,1.0,1.0,-1.0,-0.23089089984929934,0.9474375442806209
0.7546534889109857,1.0,0.7289472136035124,-0.2470990567457424,0.2643360220399027,-1.0,0.46662288451346656
0.3614555977398659,1.0,0.07406208918888613,0.04653265915716598,1.0,0.7807850939562038,3.0602780586877016
0.27963080344799846,-0.2383415916565531,-1.0,-1.0,-0.11138845470743775,-0.1748649041804401,-0.552670292086667
0.20937179815410017,-1.0,0.020711646417065355,0.14073523395864768,-1.0,0.5472898436913836,2.1761207928114206
0.08983618400094032,-0.3749263148836348,1.0,-0.3954451894249936,-1.0,-0.2627787654808841,0.801654250759178
0.12932528655879993,-0.4947847212908272,0.22488523656985315,-0.6485277851965611,0.32333485614787366,0.6102124827971677,-0.13842271410939422
-1.0,0.13050454518926968,-0.7789841569550803,-0.3040325570861921,1.0,0.7966950949504255,6.065962078267836
0.08846122811824131,1.0,-0.013180598996684306,1.0,-0.29096966015061476,-1.0,4.315207844730152
-0.8116009506972626,-0.3115049869166162,0.781182917315255,-0.587078352461351,1.0,0.8008558235341204,-0.028798556847571544
-0.4094513377200787,0.6729616211681546,-0.71319682577452,-0.0823316700465006,0.8935883786940078,-0.6314696454208555,1.9974634845768122
-0.9220451827796252,-1.0,-0.1297241011550483,-1.0,-1.0,-1.0,5.0188376743153436
-0.4385773899610866,-0.45175352265335594,-0.18917822479751709,-0.07213827319765559,-1.0,-0.6878593740397756,0.11384147264657518
0.8535159481126045,0.7617475905904003,0.6265831358686019,-0.7344454853672957,1.0,0.7812624701335547,0.6471787019670787
-0.1183423458270072,-0.16171160450750866,0.4921235079849531,0.20530841740731898,-0.42439074356012835,-1.0,3.286335028015597
-0.019121124563061087,0.4601848496167773,0.8041001064749329,-0.4814827639506306,0.3186308202788442,-0.7170370264955577,-0.0942832960097636
-0.45189315042003,0.702912099851731,-0.13850625000453776,-0.39405254609880647,-1.0,-0.5752007910589573,-1.6702092859629105
0.2847874810202041,-0.20869011774824484,-0.6317251364314852,-1.0,-0.23981368268961356,-1.0,3.418763899704768
1.0,0.21765776966946043,0.6505440642842625,0.281263585401153,-1.0,0.18716243517710213,2.816073912859956
-0.17114013838454667,0.16689749891746614,-1.0,0.2827804949501539,-0.9537072664109278,0.4111534628763295,0.5781295046223832
-0.8703935878786913,-0.6940827521350087,-1.0,0.027993810249476756,0.07575397660453698,0.46341050198474487,-0.7852211371659693
-0.5850759126082195,0.3514108777274575,-0.17211507330889414,0.8924948303046183,-0.3055605636904848,-0.06579491341712873,-0.16318948012599066
0.8758865057217122,1.0,-0.27322251300734945,0.8150709357189526,-1.0,-0.8883522940642881,8.524947030027727
1.0,1.0,1.0,0.0615087954064828,-0.30270402989437517,0.014940298166420729,-1.5492600054507122
0.29323467210569565,-0.9718063174616289,-0.19569482234718494,-0.7439091036619596,-1.0,-0.33385158705805856,5.30544096164609
0.8224875099275633,-0.7627456408761697,1.0,0.4687490296949028,1.0,1.0,-4.032641879921135
-1.0,0.5601874063094274,0.9367478851728305,-0.16188299611646717,0.4915609473544007,-0.11969929014170055,-0.37579018377807694
0.005866942091725447,0.9627063444120951,1.0,0.7451120508274381,1.0,-0.39259426765762173,-4.280711465758116
0.11765735943551381,-0.3437397860738589,0.09914767051010331,0.28736533860343744,0.14555426007107952,0.6907092397011865,0.9066295920364914
-0.6987028958221604,-0.10643539478212571,-1.0,-1.0,-1.0,1.0,6.872796988157223
-1.0,-0.1288862782278336,0.3751945631980266,-0.43822479100553957,-0.40560310809274863,-0.5354673569582291,0.49729056819832557
-0.9987694288826594,-1.0,-1.0,-0.6201321659996213,0.8194771294015943,-1.0,3.3936159179060432
0.8543451205709685,0.1839638543173162,-0.5023001191413885,1.0,0.7947015330395666,-0.44266882882224,-0.4350018055937872
-0.2955642817627164,0.7949887947825225,0.09965592691197912,0.8066512358828835,-0.29497144454787116,-0.6169852738649493,1.138668245322793
0.9176800588969449,-0.3781860014211197,0.6715355674111141,0.21972560078553302,-0.3064438349139166,0.49929293676334846,-0.026110758938493128
-1.0,-0.29178810177177494,0.31520971512885065,-0.38208373267194257,-0.45159445477027066,-0.34241751064349013,0.014539356352226085
0.45470377575566956,0.5299154554951523,-0.3763323104283453,-0.0880654363640686,1.0,1.0,3.668447509147608
-1.0,-1.0,-1.0,-1.0,1.0,-1.0,3.1331030342184834
-1.0,-0.7810144032940665,0.07684405044485176,0.6884415914832316,-0.621171952780669,0.2610498020804532,-1.3770452605014942
-1.0,-0.6953628594586254,-1.0,-0.37937898969577033,0.4307678896977791,-0.5363140944847412,-0.20069923945042198
0.27235078672270935,1.0,0.7492736207146096,-0.12988593102328239,0.09254100936764925,1.0,-1.1061498602467135
-0.004853384249244419,-1.0,0.27837702701730627,-1.0,-0.8501184283226451,-0.05798718245577372,4.047831231669327
-0.27321594461625937,0.8221973915907116,-0.5643504458510867,1.0,-0.03663647352857813,1.0,4.190190690890875
-0.44330257117524646,1.0,1.0,1.0,-0.4803968474957215,-1.0,0.23823505729197234
-1.0,-0.3588287907486261,-1.0,-0.7524562627239872,-0.048805740047134005,0.3743783001012288,-1.7659757088972547
1.0,1.0,0.4858450713610998,-0.10215379417069581,-1.0,-1.0,5.22962571801261
-1.0,-0.44139491131936204,-0.7016473911661882,0.28625144010966974,-0.6902951787147124,-0.14082510006282556,-3.317718146092655
1.0,0.8580086686310853,0.9808925209395662,0.9820097370991905,0.7627731593264981,0.1208156042062658,-5.563430255289416
-0.07547164814695428,-1.0,-0.6109991038989062,0.10363644504994785,0.18936590554604074,0.08658916139007675,-1.9174717417329497
-0.028405185717708226,0.5472674039324291,0.5644861028680177,0.11275689304073877,-1.0,-0.8519453867291942,0.5641170070669126
0.39207791846683365,0.508076523889935,-0.6448763473717044,-0.6986700310025422,0.33303703506669463,-0.5462239721737554,-1.7746541964002098
-0.20442997721985193,-0.6894200550700385,0.6979609963046137,-1.0,-0.5434181150429158,-0.318250899112375,2.541967410022875
0.8681581586433873,1.0,0.8512378161073733,1.0,0.0649362339292976,1.0,-4.102500530335393
-1.0,-1.0,-0.36704258455340977,-0.9452739024301042,-0.3392559207175362,0.39521170201718303,-3.3845900900498793
0.2636076867526491,-1.0,-0.519825617796192,0.06332493358865454,-1.0,-0.695357924448436,0.8442189726342285
-0.8165341899888288,-0.6750397581818139,0.3112084988815095,-0.11186179369576055,-0.1446481096859933,-1.0,4.309285674655386
0.29297405455101416,-0.05972510301804823,1.0,-0.3295401946215557,0.33382861844209466,0.09177268475746475,-0.7908410197621706
-0.5687746364576278,1.0,0.05942290580262355,-1.0,-0.8117388331705178,-0.36252566409957476,0.5453537251611666
0.35252245845764474,1.0,0.40017218330290205,0.923103965228971,0.7102576497587212,0.43092141805995415,-2.206336928747617
0.3087214773941679,0.27771059214406996,-0.5701159268306878,-1.0,1.0,1.0,5.257743414746459
0.46355785630288954,-0.574939162911668,-0.2610024929950136,-0.16356579986149583,-0.06459275147747784,1.0,2.4072953316668237
-0.41345385490684605,0.5471880157834964,-0.9137219126853522,1.0,0.46373692892436924,-1.0,2.9947506832606234
-0.6325103064933586,-0.17099065938074104,-0.4202194140493309,-0.6268828526774787,-0.25285274582075035,0.5503941219554138,-1.018837792039944
-0.6533878209521897,-0.26363644746302284,-1.0,-1.0,-0.3125963908276793,0.09106809916776382,-2.743492150193033
-0.7247755223132369,0.06207033145771673,-0.0019444437943675619,-0.4836458502397366,1.0,0.8066430108664481,4.322841480511146
-1.0,1.0,-0.8258340441379107,-0.840668425656621,0.6200882265472573,0.1377681024264366,2.1192779892327867
-0.018922421072014972,1.0,0.3654306794268527,0.08465649021940794,-0.06983220506233478,0.15771197703278272,-1.2226849646323033
-0.6456159136873043,-1.0,-0.6489151901091621,0.1452225788507312,0.1291329323661797,0.36510625075156017,-0.7380434761071891
-0.5934559650777635,-0.12843387729370903,-1.0,-0.5488825561127497,-0.2876149444976862,0.25119835158619486,-0.261906913525465
0.35145668786304707,1.0,0.26915810637890686,0.08071551094990936,0.5653816343223224,0.5060517960666762,0.3763583414933675
0.11480703817693372,1.0,1.0,1.0,-0.4695684589480801,0.35857434456211157,-3.8218267600737685
-0.7065683007288492,-1.0,-0.28094959886881027,-0.7681088646606637,-0.9130445887205128,0.4897229908166099,-0.7980226018817071
-0.2607410055822388,0.42447722478161437,-1.0,-0.7744786913816886,-0.2387302743532269,-0.07722108150333207,-0.5523082107521184
0.4184934329928275,0.6208135968901551,1.0,-0.06782473074253614,-1.0,-0.3262070734980267,0.07747999490310786
-0.9134966995320462,-0.3426377693324192,-0.3464858564962844,-0.1096336644313094,-1.0,0.31723146084002046,-2.856290909602686
0.17798399168606371,-0.5383997774035479,-0.7800190995986691,0.5990248218937397,-0.02296780998709733,-0.8884015214426512,0.2289886549717256
0.9324592627861308,-0.301891938612506,1.0,0.44438651869604473,1.0,0.32557523078689304,-4.397917915438812
1.0,0.18608731018413732,0.8810200867436648,-0.4042036428682829,1.0,0.9642365322583077,-3.707034755478196
-0.39109216676250247,-1.0,-1.0,-0.6582257091266417,-0.7193608823124635,-0.8381657652572205,0.86510841446588
-0.7751573601843267,-0.8895061675095144,-0.29064895307030325,-1.0,1.0,-0.10341472729714085,1.6294529800633628
0.8331753479402934,1.0,1.0,0.0001256431792872048,1.0,1.0,-4.748573005262062
-0.9200788896260422,-1.0,-1.0,0.43061030180258286,-0.2612075036157392,1.0,2.4150565873421135
-0.5246039262906581,-0.3446349457034766,-1.0,-0.96256789782897,0.11148760467718533,1.0,4.883750809045165
1.0,0.5497325531076224,0.836725480756236,1.0,-0.23588497710251133,0.10580388324390372,0.03639806899819559
1.0,1.0,-0.20134803129590215,-0.31859049332177447,-0.4181661616836523,-0.7723585933552348,2.5559421857066225
-1.0,-1.0,-0.5009867017564895,-1.0,1.0,0.024200850641584726,-0.9614747958269763
-0.8223052743633914,-1.0,-0.6605634844617343,-1.0,0.5320182136419254,1.0,-2.3743218558313846
-0.11678198721533836,0.1610959640628481,0.172727208819338,0.6773358254932544,-1.0,-1.0,1.8387969783663927
0.7935052246854595,1.0,0.2342556910951603,0.677879038728636,0.03025007310591951,0.8689999907619373,1.4933883133625518
0.23040794964805023,-1.0,-0.30625871953031325,0.1344724855967329,-0.30489466998428133,1.0,2.0644230511868016
1.0,1.0,0.37806863625760445,-0.6123911687412572,0.5850614261679401,0.31922909345230227,-1.2266241073190502
0.6615676298741324,0.03767397404077388,0.7232124056582285,-0.25020527429859957,0.4583597223669498,1.0,-1.0150583715544805
0.2366466956274243,0.06883965345104026,0.3157664226291805,0.3117938373912567,1.0,-0.15500113878701913,-0.4762557892677214
-1.0,-1.0,0.08104969147454799,0.31964856140163955,0.9872089176731764,1.0,4.32237581376521
0.631681540128584,1.0,0.2384432108093668,0.7221290360998882,-0.7831818931636846,0.11854933480732638,2.1682024773131885
0.7024146251040753,0.40993266215362456,0.16843541108478366,1.0,-0.0035310791826761723,-0.6261137067121325,1.7468439891037377
1.0,1.0,0.583323616849234,0.4653095620762055,-0.17813040864869067,-0.1441822507339462,-0.4302854323238862
1.0,1.0,1.0,-0.3309617578291226,0.14986388507966725,0.32546691677621187,-3.308323208977252
0.6480787898068192,0.9667298470881645,-0.3685578492542031,0.21528431188892283,1.0,1.0,4.497096094474693
0.010316497997029897,-0.4246304052088535,0.06190508350268409,0.4928090859944585,0.9329860821357303,-0.3527713266554861,1.161634761341948
0.2280122413529897,-0.14619125277557654,0.3452565685892649,-0.9221097319386943,1.0,1.0,2.4227880830304755
1.0,-0.49371500003052693,0.40114692547574426,0.03616337177090412,-0.6706659397664521,0.16520014989642595,3.429041584740063
1.0,1.0,0.16310834852832445,0.8263488036285065,-0.05989775115468486,-1.0,6.111861713530778
-0.016312282915816212,0.030147625213485685,-0.7605216861312152,-1.0,-0.4784255818165526,1.0,4.923725852128567
-1.0,-0.7706551606516424,-0.7949529015282633,-0.3144290453852525,0.8692991066661547,1.0,4.999928942709194
-0.2813338481529415,0.817357148455369,0.3806626593530208,0.0037797079692851177,1.0,1.0,5.553591228912415
-1.0,-1.0,0.5882785320235706,-1.0,0.216384425351828,1.0,-3.9000960794752113
0.6671224475525872,0.3921531811308707,1.0,1.0,-0.6785260446627648,-0.11223680887427662,1.1628444328898857
0.6475228851086159,1.0,0.31289754718083995,0.49131977489596523,-0.6244785966918182,-0.7647460846058183,3.9377416401556604
1.0,1.0,0.7680513223917722,0.9751697336957075,0.7047304475255964,0.2728360797893399,-5.242177442568304
-0.762223899903482,-0.9511838163853441,-0.773641254436804,0.7898882758029973,-0.6662037617992174,-0.13850159806380485,-5.07405232287226
0.1328540071003994,-1.0,0.41441420348604385,-1.0,-0.5622541330153997,-0.46182183021947165,5.327964290805931
-0.7333917886851407,-0.8693112002004759,-0.42604255283265324,-0.05358275947060996,-0.18281820093957868,-1.0,2.4773552327676565
0.886676490576445,1.0,0.658986747484906,0.18007255954956536,-1.0,0.4532960413624715,1.5521519310122556
-1.0,-1.0,-0.9095073033295056,-1.0,-1.0,-0.15852070168186572,-1.008444976107755
-1.0,-0.5596712565949093,-1.0,-0.9442018736454226,1.0,-0.24497483350491095,-2.4255318435793063
-0.19062231847107303,-0.031885398068631776,-0.11956487859547194,-0.442051896759732,0.2769169831120891,-1.0,3.145710894024276
0.3350855668026823,-0.34509464911842813,-0.4805582302239402,0.5625343973911336,0.46771444381235716,-0.16641045411373245,-0.2884357879306059
-0.7429841739349613,-0.47183978081336775,-0.8185655566360944,0.3214821920573081,0.3212893692731083,-1.0,4.959201918294067
1.0,1.0,1.0,0.5288322346976966,0.7870057204667873,-0.017571254028430586,-5.018165203498378
-1.0,-1.0,-0.385623593777222,-0.8135184307648284,-1.0,-0.8235399527070779,2.9779452823755177
-0.8245298693942934,-1.0,-0.2858006388566804,0.20625642605312056,-0.9778927557721284,0.07704372711471558,-1.3714114353757323
-0.33061394064667093,0.24809796517529986,0.28349165332899173,-0.4133900833940056,-0.4106509226190441,0.9933783520159614,1.4481174221881654
-0.09374578964332747,0.38880219566157453,-1.0,0.2605023580962156,-0.2985712518189062,-0.7832501987971829,1.018464651711871
-1.0,-1.0,-1.0,-0.6079440629850754,0.6704174910834313,-0.11147102762115803,-5.47676530518897
-0.3591228621390985,-0.36335386082514176,-0.1924139704082244,0.503030829028136,-0.3799373078058702,-1.0,2.3065208430463593
-0.7785305516646421,-0.7678949694523344,-0.2843356301619399,0.5277760403893177,0.2612483358264681,1.0,2.667924979810377
-1.0,-0.25082643259110915,-0.40881675946288026,1.0,0.41650795150084785,0.9810012485228733,3.2845688174418015
1.0,0.34100404087250946,1.0,0.960196575820581,-1.0,-0.8274147843185229,6.929420165430401
0.050223709546712736,0.9046560863936302,1.0,0.8685789045462246,-1.0,-1.0,1.3263944953760003
0.17018344011323505,-0.7169977049414291,-0.24054983596318946,-1.0,-0.41761049028850394,-1.0,5.620282121174163
-0.0014015151547487337,0.7922382826853722,-0.6278018431388633,1.0,-0.613395140983356,-1.0,4.75343576708637
-1.0,-1.0,-1.0,-1.0,-0.4790454598145343,0.806289542279945,-4.1076385317469
-1.0,-0.08423513463992349,1.0,1.0,-0.33282973153069184,-0.7237874800192463,-0.7006449250845473
0.10877540043382215,-0.2549047374409518,0.10648840465155901,-0.5007310250472083,-1.0,-0.643648054420239,1.05156861145566
0.6413300839790617,1.0,0.3763796883893591,0.28078307549385173,0.6977912635371779,-0.46432692574604895,-1.2386799036050447
-1.0,-1.0,-0.6114226982194173,-0.7960518554188677,-1.0,-1.0,3.415932398324016
0.33826215300167795,-0.8088183896383485,0.3446195757207365,-0.18831734323931754,-0.1828776747883547,-0.700172921084175,3.3469257311960123
0.5158942963610976,1.0,1.0,1.0,0.3613749164140482,0.5346833861657869,-6.837412951230058
0.4191240890862624,-0.09145743684220248,1.0,0.06862173296007626,-0.22637434848855648,0.06279569462648393,0.5753471133948733
0.717740052339362,0.654945550244949,-0.062204798068059286,0.03422239820247322,0.7734784101323313,0.9463719986144838,1.9451663961753611
0.025666353011795318,0.5807598134630634,-1.0,1.0,0.093188986606553,-0.47161904898104534,-1.1097771238714818
-0.04363658484557931,-0.3161425426898885,-0.9177833504420636,-0.3081501405436855,0.3216157218129012,0.0908665658581822,-0.7355216101639462
-0.20949923972151963,0.13889268787753495,1.0,1.0,-0.38844550634647634,0.5471036569881472,-2.5583241742715686
0.48722575315566863,0.40623851234890435,-0.5149820947312096,0.1169536888792907,-0.7570583346248796,0.059365833713279886,0.9888420428607251
0.017212521617463367,-0.14087289589780633,-0.41054191313493504,0.6201822986351769,-1.0,-1.0,1.8393775277265736
-0.3602262791431263,0.37865135492719937,-0.32070327403185195,-0.1608112280941802,0.54174706759259,0.44521411307309333,2.024072296076094
0.8962177585010158,1.0,1.0,0.1744736016473314,-0.2777101834639166,-0.5088599457369922,-0.2841617686615083
0.7171299545749932,0.8155695790998618,0.8943906874414126,-0.3969086038099908,-0.12278427942012253,0.6460727766142739,-0.5307534785969733
1.0,0.4616073002296741,-0.6592604080006227,0.8070210550338933,-0.11774639081040705,-0.9829108560674249,3.5353504595670198
-0.3597722754986644,-0.016940753150977983,-0.2957416854747723,-1.0,-0.6664476808626466,-0.5901749471834009,0.42306391508813285
0.44404404604104175,1.0,1.0,1.0,0.1736224267557538,0.6635814085290093,-5.070020174478081
1.0,1.0,-0.4786469977266562,1.0,1.0,0.300943163959392,-0.41382283310973444
0.690109226634722,-0.051250192762426205,1.0,1.0,0.35201100296467047,-1.0,0.682333125224605
-1.0,-0.26772525804257685,-0.5573700140019908,-1.0,-0.6764666769760177,-0.4872919167928286,-0.8290176628463014
0.6200155233499712,-0.30077732725900785,-0.323801448398244,0.6762605721832032,-0.5366239397771861,-1.0,3.8222242249831466
-0.2752191930189305,-1.0,-0.09178053402139752,-0.5553431935405959,-0.6895887710388378,-0.7711038900220786,4.183464560872752
-0.44424538555673343,-0.09342412516907761,-0.4464272954790437,-0.42613056448054054,0.32989624004877083,-0.35140941883005694,0.5652659221224847
0.3715986311944963,0.8682852328603796,1.0,1.0,0.06953133750238841,-0.42914205538896044,-1.739665393748476
-1.0,0.37654155403213274,-1.0,-0.5838113708238155,0.18477466123517539,0.9296896990143801,6.971170400380085
-1.0,-0.3946638864887547,0.5401300401494336,-0.5575767202971738,0.3093518362463617,0.14031284831703428,0.14458478096588206
-1.0,-0.7112603240316111,-0.5307217138050445,-0.2700227495810109,0.49092618919181985,0.3446969612124722,0.2792560163123728
-0.21556117603582803,0.733363963776857,0.3585042187279073,0.5900236749005405,0.5111138878675384,0.15181016097419497,0.36452569141826824
0.2293416527530021,0.12462108834933583,-0.4386761556500197,0.17666494066639538,-1.0,-0.9138645729654091,0.6187318881239782
1.0,0.9151148930578742,1.0,0.051813721147309755,1.0,0.32548253971676344,-4.64688372062524
-0.3227496754458896,0.37372080283822173,0.12327375047351564,-1.0,1.0,1.0,5.670129674340629
1.0,0.31661787289771876,0.9244496541603076,0.4519841463624994,-0.2656534274509533,0.5249294631674521,0.792551922432581
0.14956833263182892,-0.1635317974592173,0.23339370402178106,-0.3934094751440444,-1.0,-1.0,3.200697625976498
0.7125320000164944,-0.03568495933906635,-1.0,1.0,-1.0,0.9445927888039056,6.040209106102811
0.16773396086318174,-0.0491260720734403,-0.3178836535879404,0.5016748108231215,-0.9850046622958846,-0.1634153059909318,1.0006202068135777
-1.0,0.03823412137123816,-0.5181232044742115,-0.9616925893764907,1.0,-0.6538654994470616,4.820425936657434
-0.7586712259877516,-0.38944099980897406,0.41363573087933236,0.1882368046542806,1.0,-0.11085143502819617,1.3578509485991361
0.14163705395981518,-0.2450070456523422,0.2780012214275813,-0.6983401027138821,0.8949725530361788,-1.0,3.8005911856474524
-0.27929443165550805,-0.23229018490676712,-0.32527932669283754,-0.27895699666229806,-0.4208945962947228,-1.0,2.894113484937636
-0.40527988140094884,-0.20789943359059648,-0.4450025048926324,-0.18614672908835406,0.2986361362248244,0.6329850357731119,1.6730091166123446
0.0224294859679518,-0.45611166472333164,-0.31056513836323774,0.24548177665015272,-0.6863524198999351,-0.3018237553658465,0.7564117902426887
1.0,0.7861153116306328,-0.49062649080126985,-0.744859219553468,0.38887315596380023,-0.4882609163637801,-0.878462531459615
0.43636828077692025,1.0,1.0,0.8946606162031694,0.18811595333120656,0.12223987003323034,-3.43934884136529
-0.34019091122221373,-0.19703670017273817,0.8561297239088468,-0.43488197400826584,-0.37102417348671346,0.038307684401728936,-1.0731394502213136
-0.296981861428668,-0.2963482384019398,0.15219173637559064,0.1563660331371357,0.9378925749299776,1.0,3.4740093218713564
1.0,-0.43451772694265567,0.11873939703437619,1.0,-1.0,-1.0,8.68749836988448
-0.18023907374056308,1.0,0.3295328679060693,0.4096081150406381,-1.0,-0.29956428022453807,-0.5098043685665102
0.9455953060562743,-0.10056732474428803,0.3924136983057882,0.11706418548936193,-1.0,-0.5168079035502723,4.450895165882901
0.1741585460237578,0.5717238899384688,0.9307394230360163,1.0,1.0,0.35832049206422434,-4.265171887676385
-0.8850634512580066,0.12221458520750828,0.8798783588041386,-0.10112786249369282,0.4358946149751546,1.0,-0.7599583945337486
1.0,0.34131216725954117,0.37365487101206907,0.40619450189985096,0.9896135880284544,1.0,-0.5873447276091734
-1.0,-1.0,-1.0,0.15307683624357438,-1.0,1.0,1.213634752850136
-0.049664360668812746,-0.19926771916173713,-0.0760629912210769,-0.044733520404665855,-0.30297746031142747,-0.18599152223185889,-0.20610196511685508
-0.4391080382855056,0.3771518845825643,-0.6145016671864167,-1.0,-0.9715744000065305,-1.0,0.12791319132794493
0.24462287931979465,1.0,0.03250452469073695,1.0,0.5685595405561481,1.0,1.933625333861217
0.8580906604883443,1.0,1.0,1.0,1.0,0.8505510654834229,-10.70658837061221
-0.26439668059281507,0.38164075770075684,0.2516423959262807,-0.14000201599780204,0.3476832818417015,0.03183131428829511,0.8176273519919696
-1.0,-0.05872892227911075,0.5649834195342048,0.1399481772825405,1.0,-1.0,4.800824100723313
0.7876189602599918,-0.036822006213730996,0.2399713829432102,1.0,-0.2887649524724416,-1.0,5.078305420436589
-0.10409401422077735,-0.061078538362075774,-0.43495816857653363,-0.28556312460376476,0.11202689804377819,-0.10377637778917914,-0.44089346616811365
-1.0,-0.8602838603371032,-1.0,-1.0,-0.21767879688193625,-1.0,2.8514981904565824
1.0,1.0,1.0,1.0,1.0,0.7140605119372782,-9.626661482623017
0.3219864808009294,0.8527740273136234,0.9068123544768261,1.0,0.6199401085911491,0.33196824161606153,-4.308123533451788
0.13150521482924282,0.5877774073538096,-1.0,0.5469833603025298,0.3124916656300883,0.01767020781130499,-0.23732691976370104
0.029256106287654474,1.0,-0.43080980526513074,0.7074130724041132,0.6719161546825712,0.6178333312186886,1.8452863789877405
-1.0,-1.0,-0.5288708938019153,-0.4210640032135713,0.0507146657700156,1.0,-0.48748289262759925
-0.15107838150349484,-1.0,0.19431075725902952,-0.30797519380299165,-1.0,-0.29140028477531654,3.4846120037814203
0.2575549065213929,1.0,0.1545629390875631,1.0,-1.0,-1.0,6.090590436934303
-0.19735978297048629,-1.0,-0.6049155117678848,-1.0,-0.18808594670872514,1.0,-0.047640042047847234
0.17484964643190715,0.7758136915335483,1.0,1.0,-0.434815061248617,-0.881607135130563,2.507668344940164
-1.0,-0.3423191435626588,0.2599902267126648,1.0,-0.13845775189953113,-0.903585225111146,1.7554400571388091
0.6979557263369878,0.4178095969385904,-1.0,0.4851489804480008,0.1384965573642205,0.2781161004366959,-0.12942958612356908
0.053653086309312814,-0.8591648704109898,-0.2071659514321238,1.0,0.4334126960254503,-0.7715137496086428,-0.5643825771429933
-0.8402091556976007,1.0,-0.5768139807514041,-1.0,-0.7164090946914496,-1.0,-0.7038946846325898
-0.8177232418789017,-0.04472414479902198,-1.0,-0.05956517354502355,-0.16097804016281847,-1.0,5.335289051811703
-1.0,0.6094888833661156,-0.38333376933670726,-0.8442000869510448,0.6213587944469958,-1.0,4.8877157972951775
1.0,0.011610450988064014,-0.02012453037077533,0.9849161714519542,-0.46611004232388153,-0.440062033857082,2.376964883405036
0.6099851682885498,0.5892340617229334,1.0,0.2037420526659851,0.0819851003480403,0.3317580229147869,-1.0327981528822137
0.8404868767882323,0.10801265287202488,0.3402299698053619,1.0,0.09651271473582396,1.0,1.3040586862237067
0.6674641356627458,0.6552447491105811,1.0,-0.11447166561401745,-0.1775569321958692,1.0,-1.006608949400717
-0.7298314035086615,-0.9547381946124831,0.11059698835250026,0.034171380225077375,-1.0,0.11220105417407522,-1.1259625472729464
0.9782459491997993,0.8789708990040328,0.7425818335981684,0.8418720547791477,-0.07668133482753925,-0.5952168362130348,1.642001223873801
-0.13790986919158513,0.44995877695434766,0.22691006233454192,-1.0,0.5994348152432838,-1.0,2.203510689746428
0.16761092411849576,-0.18721761564182543,-0.416801129487599,1.0,-1.0,-0.3794048169816693,1.1047605423005913
1.0,-1.0,-0.6256610639361565,-0.30533539996000786,-0.7527028767160653,-0.6112391678712843,4.146044829723734
0.36150586901097437,-0.1714796535627976,1.0,-0.07428983888107416,-0.24217990637362297,-1.0,3.274071121849191
-0.041985494366669596,-0.5516460000641101,-1.0,-0.6444773795047409,1.0,0.7775330561513273,1.885304085760011
-0.843947094181079,-0.20363080479232676,0.2072778151951653,-0.6328524576141377,0.1677418693714665,-1.0,3.960280662955712
-0.9308337661149451,1.0,-0.035362948705431885,-1.0,-0.7304257138621019,0.7471817227369392,2.350908405319233
-0.5142908211296671,-1.0,-1.0,-1.0,-1.0,-0.7359572147112603,3.7846201329016145
-0.4237440502867196,-0.6257891742263315,1.0,-0.09739798737299088,-0.5472603086570091,0.13945338194776402,-0.27090833373191514
0.6879987141433332,1.0,0.27719138086991113,0.7102616795373056,0.49400459941538233,0.33488282984091333,-2.8782624588460592
0.7768456021499447,0.05464569442813681,0.49566838233716437,0.1983408750983935,-0.20450917347933262,0.2726341949480491,0.7738571038055229
-0.2635007008449819,-0.6152617895927832,-0.22081680510364954,-0.5196676857503117,-1.0,-0.6445587001771977,1.4136694259109899
-0.4078812056719315,0.145320751372227,0.7262446330283969,-0.9061831720858212,0.9511490852467264,1.0,3.0043376911378017
-1.0,-1.0,-0.3992032449277818,-0.8921973847353879,-1.0,-1.0,3.7261172706455463
-0.5322334265791464,-1.0,-0.784036535302312,-1.0,-0.7479395077616702,1.0,2.276809458284696
-1.0,-1.0,-0.5705335619676952,-1.0,-0.6538456809655,0.8838042667026893,-1.7263290342778794
-0.5119900394952895,1.0,0.38846664603771675,-0.2019694283104546,-0.892768352554081,1.0,1.9936727403900099
0.7736394453041648,0.5780239810799617,-1.0,-0.8704574602649344,1.0,-0.04936867322384236,-1.7288745113629103
0.777486515391582,1.0,0.3255386693151736,1.0,1.0,0.0508863492529292,-3.680635554521597
-0.6728467080433091,-1.0,-1.0,-1.0,-1.0,-0.4284673858587338,0.5632529259776378
-0.5524474471480266,-0.7383871749681344,-0.3257249312866092,-0.4079547351572704,-0.5247413583404776,-0.4049314834660209,-0.3888420175007611
-0.46776973502684793,-0.6782487931347894,-1.0,-0.6333457291756031,-0.45061040407158093,-1.0,3.663797567807013
-0.4374595356466538,-0.18406653292091232,1.0,0.4444893301950825,-0.5145683603405715,0.09136302457020318,-0.7215432697179441
0.9636291187665683,0.14589811426533972,0.216877940259059,0.4838137906227107,0.5870226280388052,-0.027722189638045958,-1.1849358363286941
0.3413923234264889,0.3062672495336506,0.7602325954076363,-0.33433492480468185,-0.3450871728283409,-0.7291183711939341,2.89430843084177
0.2561631576556094,-0.687462662645384,-0.42859088432349135,-1.0,-0.6053730196459536,0.4025276448902849,0.8398231084700751
0.1569834818190446,-0.4208456434374618,0.4261029229044396,-0.02091379111596675,1.0,1.0,1.1314817701975466
-1.0,-1.0,-1.0,-0.35466558234834294,0.11310946466804794,1.0,1.5284462004480994
-0.35276482440386236,-0.7832710790924862,-0.6169812707565698,-0.26544032298933895,0.29566788014030765,0.9559132436837805,2.231959713439378
-0.636447621754168,-0.4825256528096185,-0.06772571996836049,-1.0,0.21390820064274085,0.6219110537522561,-0.3795906651670456
0.656158081792203,1.0,1.0,-0.34443434547734864,1.0,0.7045547358798703,-2.6887749700088888
-0.25035212266784423,-0.18354458179551159,-0.043078322199998575,-1.0,0.09386535454524714,-1.0,2.8008925900854384
-0.8322605863975371,-0.5007925924688231,-0.6452509131755364,-0.7318068929522904,-0.3849681969850245,-0.39067751848653653,-0.22936796553138356
0.498356359286531,0.16655457776131488,1.0,0.3450463726848574,0.7953776083999408,0.8465725474624759,-3.1744056372680043
0.6472285403601712,0.6363748896796447,0.1370125133560693,-0.38252111711430437,-1.0,-1.0,3.6824058226349963
-0.4377784120100097,0.8650454524511761,-0.4925072910327867,1.0,-0.6841375540096888,0.13994934968939804,0.7040185682850791
-0.41205751795355766,0.19276958605812855,-0.3158878273885469,-0.10240383441823053,-1.0,-1.0,-1.174168642966455
-0.2782204681033591,-1.0,-0.02586920376613877,0.10025840471495118,-0.4787254544893761,-0.5421124376552695,0.21327183018323315
0.5110618094880269,-0.6026092738862598,0.7445967871740977,0.6804610281388412,1.0,0.13855912964393702,-2.505331921664486
1.0,0.899596595140574,1.0,0.9677231140774802,-1.0,-1.0,7.607245833473423
1.0,0.0872185604986877,1.0,1.0,0.5943644909121599,-1.0,-0.2996939163505171
-0.04439032854223257,0.6024071621809088,0.002316381133932399,-0.17914507196788704,-0.21541372605972664,-1.0,1.7140650110828395
0.5889713781952414,1.0,0.7745874511322627,0.6069775878843559,0.10170013718213616,1.0,-2.509854144896886
0.24509256430995785,0.7013504709067993,1.0,0.6159523776036554,0.009460757824379828,-1.0,0.8094337237950924
-0.8662793660688347,-1.0,-1.0,0.08396025398381946,0.0808824535079593,-0.9407505265585543,2.0346174458226445
0.6784281133304941,0.47306674326775694,1.0,0.5363211416183757,-0.09179818538407372,0.0966038836022528,0.16898356440314088
0.2756142952244518,1.0,0.7216431452407917,-0.07147575004301843,-0.6586462508352713,-0.913503587777392,-0.06427778081066639
0.6470563885080518,1.0,0.41621394632568887,-0.09115803721970095,1.0,1.0,3.0051309709937617
-1.0,-1.0,-0.4126216762160932,-1.0,-0.3357374632732558,0.8821031629807444,-2.7582473980347917
-0.47298682628700084,-0.4374004902611779,-1.0,-1.0,-1.0,0.6610938090664421,1.722827083649167
1.0,0.3137197111941239,0.03091673303435183,1.0,0.07802283402359556,1.0,2.42010358107646
0.1639809407614834,-0.5953009489353415,-0.32643076072960553,-0.540206533915829,-0.4446620213927245,-0.44673010519031714,1.1971784874992686
-0.3079046155701456,-1.0,-1.0,-0.09749351835320907,0.22493922308026,0.7463735842441964,1.154783657663513
-0.2394857058963784,-1.0,-1.0,-0.5194141535793921,1.0,0.5968152885005578,-2.8028195861438294
-0.07683028247786283,-1.0,-0.9537051982846552,-0.92753563470677,-0.08745213535134888,1.0,0.4935875090622383
-0.44564054935540487,-1.0,0.3797779831277068,-1.0,-0.2641229656030899,-0.3400667119855918,3.0443641044985643
0.3856455919413012,0.7673394635564476,0.03804209756126159,1.0,-0.7214892109385764,-0.5021712268925065,2.720833502941057
-0.05343241587865788,0.24015205948508833,-0.31461477941633303,0.5250139634930935,-0.3447356845449712,0.7983551900264348,0.9925765597486069
0.9746172357968983,0.6027238485665141,0.40546015291425563,1.0,0.31227774023258026,0.4615457608996228,-2.1513119282039117
-0.36464591867887963,-0.30567567878514,1.0,0.48681694549044413,-1.0,-0.11763915647764966,-1.2364652648863685
0.8184216616253389,1.0,-0.19538522971661798,0.20870339025832663,0.0006371920562147082,0.8586443092120443,2.376383143478547
0.022238715523348634,-0.0154551982738379,-1.0,0.6922914062133367,-1.0,-0.4334451549398919,-0.7595600044738392
-0.26116239539153363,-1.0,-0.7169721943195255,-0.21186349234195512,-0.40750886741723713,-1.0,1.5253215485786529
0.5973920861227282,0.42903321935446714,0.6602382843625558,1.0,-1.0,-0.1532250583800202,2.835331624713333
-0.06221667537413089,-0.13933834838798864,-1.0,-0.8926456392858939,0.6625705299510072,0.44067596912874385,1.7512955357190176
-1.0,-1.0,-1.0,-1.0,0.13212540946601503,-0.6003156726329482,-3.633875394399939
-1.0,0.4339124420329478,-0.18231036711388277,1.0,0.9630991332649588,1.0,7.313488900272325
0.5882130664914245,0.4495590527807336,0.038487532012831505,0.5271664528620434,0.41798618997389864,0.5900069495628265,0.7813645706242192
-0.06315273605317073,-0.5498684616154721,-0.5512623891761621,0.02807691695254,1.0,-0.14787750878362482,-0.6992289111841643
-1.0,-0.14050962226555241,-0.6654146941363985,-0.06995236140333522,-0.8217941191680078,-0.8138635167492511,-0.9162891216911958
-1.0,-1.0,-0.33916229069499315,-1.0,-0.18268970035515852,-0.06548058064788106,-1.8352090337752203
-0.2633669390076363,-0.2257417433805659,0.5707371897352975,1.0,-1.0,-1.0,2.5178199543061934
-1.0,-0.36591562503042274,-1.0,0.23432266752520153,0.9414945190745843,1.0,8.73329922996464
-1.0,-1.0,-0.5612714013275555,-0.1651196003209927,-1.0,0.26601912846491627,-4.127917588405464
-0.8880449765284291,-0.18868740557155822,-1.0,-1.0,-0.7293419483061905,-0.20791808930204447,-1.3540562708346346
0.5743695732240579,-1.0,-0.9374844745072168,-0.9867173540144197,-1.0,-0.8808110644255335,9.138931356626443
-1.0,-0.2876512515810181,-0.8784168042469434,-0.7153574015760196,-1.0,-1.0,0.8334686333179414
-0.6850826403829301,-0.6740393186375128,-0.04179124631520603,-0.4667838639531001,-0.5612039479321573,-0.3034834003276834,0.24621622160077222
-1.0,-0.3961423075365452,-0.06488214081946642,-0.6428707499082018,-0.8180328936372526,-0.7503046378724014,0.4823521709116816
-1.0,-0.9920801854637096,-0.6725307340941689,-1.0,0.8583473977377964,0.4344241458417556,-3.2654659813732025
-0.5729246789656101,1.0,1.0,1.0,-1.0,-0.7447566163587195,-0.24158354220747102
-0.847085501287379,-1.0,-0.031534567970554206,0.681047267973991,-0.7658825271709069,-0.030867169913780357,-0.4155389585052707
-1.0,0.32078140995030047,-0.3308722006705609,1.0,1.0,0.0064009509479296955,2.9862976634300558
-1.0,-0.7822847985927125,0.4463270587776431,1.0,-0.11636981343842145,-1.0,1.9688001374751862
1.0,1.0,1.0,0.6910874513282608,0.036268185976491396,-1.0,1.1089453582087438
-0.256212603299371,0.5286305858538913,0.194720229909425,-1.0,0.13513957614994143,-1.0,1.699422702988858
-1.0,-0.4524390724713156,0.33110457768687485,-0.9677415920322878,0.8228447029710365,-0.5891770640337344,5.0378181234663435
1.0,0.2097945475804962,1.0,1.0,-0.753116295638464,0.39100236636062097,2.446157324510731
0.25941834012141674,-0.01699173306250068,1.0,0.4006175199290575,-1.0,-0.7808199126349906,1.254157607819779
-0.2874146328928203,-1.0,-0.07170892931480122,-0.08905074159618187,-0.3500201974832713,-0.22733699595018286,-0.861542050200619
-0.9270999300881442,0.4511580480224613,0.26337644085580725,-1.0,-0.6486463493739754,-0.23461606692075376,-0.3401331125725123
0.11518946768315474,0.7336868185070158,0.42942909443992594,0.8976017523300607,-0.7035114067824347,1.0,0.9658238055029964
-0.8568936101330527,1.0,-0.5796653237135326,-0.3195556802046927,1.0,-0.08731372023496145,4.3800573517026145
-0.35473484748487677,0.35418002389206366,0.5270999629339024,0.27168935999438576,0.9040061168842223,-1.0,2.5974699798012715
1.0,0.6319266611512571,-1.0,-0.18293953906067784,-1.0,0.065829185697721,5.0890672099126535
-0.9604812606520188,-0.6084091696024396,-1.0,-1.0,-1.0,-0.05954212605491871,-2.1033783236616146
0.9761567989521813,0.40548641371191646,-1.0,-0.19343245427945277,0.7243632868360514,-0.688434093003937,-3.5171017286349864
-1.0,-0.5074774518079941,-0.9308145865808686,-1.0,-0.967049650762821,-0.13210264956886086,-0.3088087939689548
0.24637794511767874,-0.920340313114888,-0.2973111558516641,-0.06311874104619292,1.0,-0.19816957135743907,-0.42459619864041165
0.6928946749021855,1.0,0.9070747030079305,0.2934735196785284,-0.22286363417002375,0.04780203330316862,-1.3800082305925705
-0.9763587804638987,1.0,0.25366762711660207,-0.28054519584328275,-0.16425553381625768,1.0,0.12196222395773404
-0.8268716967850421,-1.0,-1.0,-1.0,-0.9389064561956759,-0.589803256528249,0.4466231861979853
-0.12844018776271815,0.09742498052582171,0.09972766648111886,0.9254811925665406,-0.11993499084354031,0.9386957620878787,1.6928209277233615
0.2538654235987652,-0.02781126509445242,0.17541404813150652,0.36327700857813094,-0.5351647552587961,-0.9361157809309103,3.340050796904045
-1.0,-0.19121153597109142,1.0,0.9349284388088294,-1.0,-1.0,-2.4707972389359996
-1.0,-1.0,-0.605147950348951,-1.0,-0.6718496885038104,-1.0,3.856277278020447
0.911136142402825,0.12863188832118377,0.7572704389006988,0.7391098153358449,1.0,1.0,-2.3137831049819018
-1.0,-1.0,-0.8566515411120463,-0.4339444381159705,-0.49315318508484607,-0.34069711842534156,-3.612620732859853
0.8559248736530273,0.8374834667398574,0.9370243878794812,-0.11064417449401898,1.0,-0.04527674754292549,-2.8480456339393108
-0.4778217371543034,1.0,-0.47647122591242597,0.7411401124589148,0.12854532876919667,-1.0,3.945129154502778
0.8154677196159666,0.061562318550269834,0.4563574419378637,-0.008768642453190867,-0.9118424182027254,-0.8383858085956821,5.069702034355869
0.21176467479968986,-0.3926453138619994,-0.7303804287882778,0.049717992008387835,0.7289363640082129,1.0,4.307173223021533
1.0,0.5208555449404717,0.6023005058276267,1.0,0.6968258081640096,-0.5513835984818047,-1.1903756637757437
-1.0,0.0519545512896209,-1.0,0.19292011731587233,-0.1710304965583258,-0.5492972597363334,0.33597217455137957
0.9073792046083022,-0.8211369337342995,-0.22632064725247436,1.0,-0.17562624788369874,-1.0,5.00303772747743
-0.23961385764813747,0.2961763328011351,-1.0,-0.33339810907742606,0.7207798028043763,0.3686034182768656,2.9264747378666485
-1.0,-0.06682628466066137,0.18185695260036971,-0.7639976499220493,-0.37641352199122713,-1.0,1.7822199752255945
0.6925817129379565,0.02260419305790007,-0.7230277475448975,-0.2349861065084271,0.7542720981212454,-0.5991028414715519,-2.729379319719423
0.1621901578297512,0.8158473381207638,0.5218547657225121,0.8135523003373748,-0.8610297388797044,-0.4645976811483459,1.4742052668343089
-0.059968663257583155,-1.0,-0.37272471378516725,-0.3102430307810695,-0.6957891188547951,-0.17289581191504497,-0.8784938890014894
0.19615953984038903,-0.0026402410411613397,-1.0,-0.5490390503634447,-0.9257852294477968,-1.0,1.7632846734314311
0.0396938262158284,0.19515764572282224,1.0,0.15014902435665656,-0.07716887614535511,-0.0354904742121642,-0.7555465441855306
0.765003409430344,1.0,0.06956663892854303,-0.23501682749781086,-1.0,0.4163209279610762,3.6545079103458864
-1.0,-0.06456387297344057,0.2458668390437675,0.5655407453132866,1.0,-0.22435587847426697,2.9875365261541846
-0.9010138871666435,0.7373268141729418,-0.9355591858815191,0.8594078358759648,0.7805545024488498,-0.08336638221412251,-0.1731360651336069
1.0,0.6250652982655702,1.0,0.2925757569154792,-0.4710758956958267,0.08514318213279032,1.4083886569092594
-1.0,-0.3402789355560367,-1.0,-1.0,-0.5592587365073671,-0.7112822704566681,0.6296923682402649
1.0,0.4330815384698047,0.6171285164055541,0.5151061914556649,-0.8310527369215462,-1.0,7.386129691130767
0.03076613493703645,1.0,1.0,1.0,0.074028188271682,0.5267875296559241,-4.704018396677094
0.38404363372012185,0.9890940815151138,1.0,0.6386278545242607,-1.0,-1.0,0.4686297759178617
-0.47808444187721366,-0.9279132753333748,0.49483507688697337,0.41816054722734886,-1.0,1.0,0.8551335076105522
-0.1922290949756938,0.29623589471765166,0.06901543162856236,-0.8553806436355434,0.23181314739955744,1.0,3.68943041452315
-0.21951651888073553,-1.0,-0.4377121793038985,-0.8941028454603627,-1.0,-0.8368961474379962,5.35624015591205
-1.0,-0.756462290512205,0.4574943663835659,-0.6070768839669038,-1.0,-0.0061934887595278265,-0.8343603924771361
0.23979670790196372,-0.07697572041688228,0.662588532326141,0.5423515778745993,0.39880034945806275,1.0,1.6088700886211096
0.321742487893537,0.5346854699478552,-0.054460943706408804,-1.0,-1.0,-0.8227959489259694,3.634602805246041
-0.266315810839565,-1.0,-1.0,-1.0,1.0,0.48826127472279524,-4.873605657135146
-0.19403307437796236,-1.0,-1.0,-0.11405471131681155,1.0,-1.0,-0.07109740207984605
0.6504387071787543,-0.8300503295505217,-0.8581130214268857,0.6906399036820224,0.6164672149999522,0.5930795494699515,-0.10263271075428648
-1.0,-0.3457301294030253,-0.4018463860403576,-0.6366320176884706,0.27126448285551363,0.927336536249928,1.6780060160972858
-0.7323658810751739,-0.4239151134630832,-0.5247238307286928,-0.12782617902863636,-1.0,-1.0,0.40629866289169636
0.5312956848978271,-0.6039658192265067,1.0,-0.32872757044969536,-0.9334446987937162,0.11401024658056702,2.179520131496752
-0.13906914854032504,-0.13710125374645732,-1.0,-0.8418250971894357,-0.8150661718328607,-1.0,1.6183058529301158
-0.6627915739653478,0.3732710365644677,0.06409779754870748,0.5473089839809521,-1.0,-1.0,0.6551495641891315
-0.6115906855768505,-0.4831705565420441,-1.0,-0.3449668240894179,0.9494609079058806,-0.9474566397070552,3.349071404632072
1.0,1.0,0.8424332040986473,1.0,-0.39609462569037934,0.43508181995090556,-0.37861008475551294
1.0,1.0,0.1876888061921016,0.3411048914099928,-0.9556555687302901,-1.0,7.416116735456748
1.0,1.0,0.49014999884138255,1.0,0.10381349913571469,0.04666126648936418,-1.188408992860153
0.8552780267281259,0.6720685617338591,0.3822933645194699,1.0,-0.8814987442637012,1.0,5.073437961295377
-0.1329964637491775,-1.0,0.19798796371024785,-0.6927098627540756,0.2153211745856186,0.546028541478311,-0.6350707259317283
0.1803272042108761,0.5382462072618108,0.4924104264134799,0.12183382865955372,-1.0,-0.7770608580028335,0.3822118988040045
-0.23259725327601743,-0.10393600739491071,-0.2207380977978184,-1.0,0.716804925920755,0.29705865955971644,1.8326209488989815
0.7269440491737542,0.3462890053533946,0.9822291703131318,-0.3985949881299554,0.938483557124889,0.3370968752563728,-2.4585832625082333
-0.2879511090180575,1.0,-0.45078320828497365,0.21610818569193302,1.0,1.0,8.985320733326034
-0.14339787822373518,0.2559639054917926,-0.5610510166599982,-0.39923466263599483,-1.0,0.3545710053358438,0.8428928031877843
0.04084769636040958,1.0,0.7019440591078557,0.9962819764988591,0.008077133982688611,1.0,-2.624591947901169
1.0,0.7851955466175147,1.0,1.0,-0.3082100963501513,-0.09245598412147493,0.042632485235209794
-0.28602160511197905,-0.5512057908610002,-0.3757875362551465,-0.487310768740711,0.30988792803912435,-0.19280732991881774,-0.5720950896283508
0.9847991560578148,0.6089283022629208,1.0,0.3251810410983886,1.0,0.31249282037238757,-4.422080452989731
-0.42521055353002896,-0.36578203737362963,0.8284242168513493,-0.17870816143420232,-1.0,-1.0,0.7888555327993844
1.0,1.0,-0.8573361344792528,0.508649287051893,0.23719151179171769,-1.0,3.111602073079813
-0.03049535581950521,0.36155148512078994,-0.37798955314467464,1.0,-1.0,-0.8907288849415724,2.2710773777238824
0.48140656675712523,0.46399091669524717,0.2430173331806864,0.7330435829579507,0.8779395443075371,-0.28320512207380344,-0.46785582090434835
0.5138166648333933,1.0,1.0,1.0,0.3843264522417152,0.24167121311188955,-5.804401398779204
-0.34175234854824926,0.20950244931603557,-0.7057566582277072,0.9748156980392139,0.973001725884906,0.10588009067815196,-0.11164033956193209
-0.7179270175803976,1.0,1.0,-0.15743418802894726,-0.09366427807316757,-0.9280580170048267,-0.624009570568285
1.0,-0.20927261953630005,0.9252903082617991,0.6439719224089959,1.0,0.6055978807006523,-5.259876659580894
-0.4247040748431128,-0.9133885639559948,-0.5098586550813673,-1.0,-0.5148925777659998,-0.9004929159876163,3.4380178989173333
-0.06658468407574264,-0.6568971908755139,-0.777671642684008,0.43842416102514253,-0.9590635821381865,0.22099535831058043,0.0595640986774742
-0.8839384038031965,0.1550244955891782,0.023597686028706585,-1.0,0.4434321682911061,0.7747761020373782,1.7236368771202113
-0.3013531654392332,-1.0,-0.8971236793084998,0.14877995548483858,-1.0,0.7120089878107446,-0.23886429040202803
0.6818439854032504,0.1685782892241045,1.0,1.0,0.44039020071341994,-1.0,-0.49972632386790705
-0.6138996167191859,1.0,1.0,0.8101570644678493,-0.005097395464229049,-1.0,-1.0913912383142026
-0.328254830929698,-0.13556728193197942,0.895190382455398,-1.0,-0.12605274775326675,0.31154969261449567,-2.1634206281151824
-0.3727708639093794,1.0,1.0,0.18122749481658262,-0.4124025881645774,-0.5592488399872447,-2.25714516334278
-0.3807927760368137,-0.2859189477913906,-0.10084760306605733,-1.0,-0.21466164415971067,-1.0,3.4513163421234125
0.08223771164166649,1.0,0.5459936147403724,0.4641189646914815,1.0,0.642524383622544,-0.6868094609374931
1.0,1.0,0.9914495409610182,-0.13078294188108627,-1.0,0.6970188190359135,1.1106249326403193
0.12004825350726445,-0.7798188305923259,-0.6798415803785309,-0.5702827072171104,-0.48368536689123265,-0.49820135694014706,0.34052505597848376
-1.0,-1.0,-0.5202657232283678,-1.0,0.6545605617527663,1.0,-0.4936658444205886
0.5141260833454627,-0.4369794624837245,-0.07989531620697332,0.682693272273839,-0.25824415960387836,0.10052823254484222,-0.07214043878090914
-0.15704027964816386,-0.5785045203254864,-0.7283926821962468,0.8378430078104303,-0.6285904929769561,-0.1063273091573691,-1.5200219511049644
0.14231279987564976,-1.0,-1.0,-0.7676152972598896,-0.9349175304801705,0.7084309266914617,2.518180702890905
1.0,-1.0,0.3388884630311018,0.8194644005441769,0.8245198219607347,-0.9761619926561071,1.4471409428659776
0.34306693776234765,0.6348714804549861,-0.6516488940667886,0.06219181587826439,1.0,0.9222297878559377,4.611456451142273
-1.0,-0.7136082967370658,-1.0,-1.0,-1.0,-1.0,4.211862425656519
0.8425323167452566,0.05747305249712764,0.22256118730535115,-0.5136302542686947,-0.7458086216904439,-0.3578936266605752,3.331874998484996
0.5813637079863909,0.020736682844125373,-0.36215053799822916,1.0,-1.0,-0.971768932117218,4.413738399441473
0.4855413232270366,-0.06361628888313697,0.8701453326463294,-0.531560215244425,-0.15971580327790955,-1.0,3.0269115316139876
-0.17399478035934932,0.05372773710055717,0.19522680539549428,1.0,0.998991461281587,-0.0027877089565029323,1.6658500047227571
0.7507300689185947,1.0,1.0,1.0,-0.2106716592045792,-0.9141680639000523,1.833340207379514
-1.0,-1.0,-0.7898900090186012,-0.9227085350148836,1.0,0.4450797599950369,-4.685563618442108
0.5413920924456603,0.8295871334598333,0.5740905859081455,0.007492419873222245,-0.21983421989006896,0.30424167670166585,-0.6288503761680112
1.0,0.6795214717769549,0.3544838464039525,-0.35731890415377654,0.13532503044593205,1.0,2.183660368293879
-0.5604287840102408,-0.27541271380761223,-0.3572723673172835,0.17452050032179667,-1.0,-1.0,-0.44136648563413483
-1.0,-1.0,-0.36071066813286967,-0.11511895706162023,1.0,1.0,5.009861501301098
-1.0,-0.6892636145215738,-0.38927534957632826,0.39465112023965343,-1.0,-0.8712208344584065,-1.7611393214547353
-0.03179838410156921,-1.0,-1.0,-1.0,-0.4896578159567734,-0.35777568538139903,-1.0076039321557149
0.0859958604017858,0.073153462046196,0.191037243614956,0.6597429487163285,0.07054675348216194,0.2331819412198509,0.278880105864443
1.0,-0.43983592683006095,-0.5585592145362983,-0.3595022943816504,-0.32836127555592753,-1.0,4.417952686540218
-0.6196296113472604,-0.11521548972059314,-0.4538095279581685,0.6145888664788977,-1.0,-0.3807372694688984,-1.3723898742547624
-0.4494903614299107,-0.27482580187229116,0.6318439717049118,-1.0,0.5606603459171557,0.6097978171510183,-0.7940649533342172
0.34504518858794264,0.6069953804939743,1.0,1.0,0.8464268236582027,-0.0767181935570605,-4.4275869740391345
-1.0,0.79845195289019,0.4729612069396881,-0.052156138376326634,-0.22401517704313445,0.2074260288391963,-0.6250251288170037
0.5249286822759489,0.6286803654085551,0.9579394743525127,0.2667101857602876,1.0,1.0,-1.3314522481341204
0.16429511137270525,-0.35360550652696987,-0.15711306515093093,0.009597704567579662,0.5241763511072299,0.3294145398507877,-0.3375084789179767
-0.07223269218354744,0.19959796596965151,1.0,0.986207726846408,-0.7130112166112343,-1.0,0.1096607035601096
-0.45903258459300256,-0.9305582518252685,-0.40386251076917823,-0.7730171854260186,1.0,-0.3976913092661989,1.106192240030876
-0.7192174668223121,0.5121806485250162,-0.4520730809503645,0.2355149243969178,-0.0007460199112498955,-1.0,3.7228664837282697
0.7333411014423508,-0.5621052116948658,0.6591997012385749,0.4194450683642029,-0.9809073447891119,-0.5300255870664033,4.857251102752066
-0.7677443372641475,-1.0,-1.0,-0.03918377901924508,0.04013204528875769,0.5673433235629014,-1.8618704236898418
0.550477626375608,0.6868357915801743,0.4081847577878782,0.2771815399243934,-1.0,-1.0,3.620490291210529
-0.7394929635128744,1.0,0.8551456855415013,1.0,-0.3122873430144125,-1.0,0.3733851870815046
-0.9483706783747023,0.06167893611703179,-0.36463581869180817,0.9369161650977986,1.0,1.0,8.63411302333861
-0.1462844880337668,0.1853618250586141,-0.8992885160696112,-1.0,-0.7877289677319473,0.8240918688549983,5.388178504597166
0.13382619426737508,1.0,1.0,1.0,-0.7876230877653838,-0.5831196077621237,0.5428749240365102
-0.761547360742837,0.5200327210989383,-0.05809096519969187,-0.1346871554489904,0.7796206450242664,0.5597945248295507,3.5527895459062773
1.0,-0.17352517441172366,-0.9269550950748806,0.10209819199525465,0.5949300280884482,0.828300504695543,-0.5713156970279745
-0.594365433736143,-0.7543498997525552,0.06880979162664876,-0.276844765819277,-0.015861938670546083,-0.03511649511733661,0.42123862705432996
-0.9385850630344494,-0.6583487675182575,-1.0,-1.0,0.990832010063814,1.0,3.783680048239658
-0.2397348714209856,0.6928939016050214,0.8322396830702201,-0.649361002108428,-0.3126164918045693,-1.0,-0.3065621249152477
1.0,1.0,-0.4447896909397564,1.0,-0.2311261867454601,0.7999959738014537,3.5067001810040224
1.0,0.27842426600540304,1.0,-0.4453010321407619,-0.15041105395508808,-0.8013637882816422,3.1356468740880765
-0.41007680650891754,-0.7224457332100813,-0.19483217032022362,1.0,-1.0,-0.18800860331229552,0.4344485762403608
0.5295122235001923,0.8820087852806624,-0.16465821135035866,-1.0,-0.9852898634837756,0.04639431188699117,6.5816883257709415
0.7116055541668358,0.23984150914965024,-0.4758525250655206,0.05810338475374188,-1.0,-0.6003768354017132,2.043802850643068
0.7741165080676332,1.0,-0.05068884418142405,-0.18551266620534446,0.8323292367783448,0.47606331054892964,0.493891590079926
-0.7204328941566362,0.021542208332326604,-0.6457362136331989,-1.0,0.5792421210966294,-1.0,3.7848870954659843
1.0,1.0,0.6705750509968482,1.0,-0.02357124470013605,-0.39143859300431216,0.8162369576394726
-0.17442947817418536,0.08802458982366887,-0.30083069098631043,-0.0448330448507398,-0.7704447127909826,-0.42420866523365275,-0.5319771773096875
0.45445906989854384,1.0,-0.9137113741210663,0.28495772763991256,-0.7099895689726796,-0.38482521311347306,3.3630453565520804
-0.09536492063761492,-0.5033069519437376,0.03881460890473107,-0.5845776503349651,-0.86407111138857,-1.0,3.1570206072912237
0.5122277052445836,0.8551159154286179,-0.12306316115589577,0.5512681979208875,-0.2886616487683061,-0.6718400665658704,1.3749617116719706
-0.49333438932020707,-0.6545347607678144,-0.4642510980519069,0.8466515511638278,0.160477472351921,-0.6926756084892087,-0.3411540027142813
-1.0,-0.47215838879040795,-0.8189452021347584,-1.0,0.03695247214504449,-0.3309638660259982,-1.0005514133374591
1.0,0.5423815307914447,0.5458995868856962,0.42720569854377055,-0.22189961871296537,-0.037281528714952605,0.2942363509700651
0.2088352223569454,0.07266670103074507,-0.14929088758629805,-0.5758932469234233,0.6438828771169671,1.0,3.1736134765005524
-0.0735891768022155,-0.2763870661714755,-0.04548775335223024,0.7457874023334689,1.0,1.0,5.881677885336926
0.40071213584069876,0.8616225898403512,-0.3234570982234841,-1.0,0.19077444485427764,0.7222794121255123,4.949077741007262
-1.0,-0.7143397416824881,0.16851170455529885,-0.7241225655787104,0.8230559931001447,-0.2651965223521354,3.3468878659525916
0.7025574016688597,1.0,0.20592700056334745,1.0,-1.0,-1.0,9.278105529143048
0.02167604106060128,0.18106590691082958,-1.0,-1.0,1.0,0.18948648082461306,0.7080472556025118
0.04566643210405075,-1.0,-0.42539743351591375,-0.5478814171466682,0.2390923885164704,-0.6705097248119801,1.438446039098804
0.7912235386919795,0.864789476726289,-0.44814749841423973,0.5717330444225948,-0.12846258509352382,-1.0,4.83064914421183
0.0951498384066527,-1.0,-0.4246203688331979,-0.532468916839616,0.5743563469124158,0.7107013134196617,-0.998955085343152
0.6458391868672895,0.6931687589253979,1.0,1.0,-1.0,-1.0,5.694156186217275
0.43628529884785894,1.0,1.0,1.0,1.0,0.9321984873904856,-7.042751636653863
-0.30192975764188323,0.25001770239386256,-0.4335280274079504,-0.42565310977788196,-1.0,-1.0,-0.5895482742236994
-0.08479785763639613,-0.797525453557679,-0.7774195872651827,-0.32192657026565286,-0.870950814171537,0.25153583681109565,0.5375596775780228
0.2244026951444269,0.4597211889939652,1.0,1.0,0.5202287283323304,1.0,-2.648198617816221
0.22453071922997525,1.0,0.8733323560986241,0.8847059632998244,0.10664939066933618,0.10997259959025774,-3.225972052059882
-1.0,-1.0,-0.7125253067140558,-1.0,-1.0,-1.0,4.962907062311264
-1.0,-1.0,-0.9205806360723391,-1.0,0.7339272011923025,-0.7391116695959321,-0.4787930556461586
1.0,0.12816413260034487,0.5511142409130223,0.007250375579077373,-1.0,0.39872361004185186,3.054809980077216
-0.36747160925819145,-1.0,0.5393045582000361,-0.652175215379166,-0.10358540515733965,0.6166680010874446,-1.2813466293350746
-0.16029522148810382,0.663135799484664,-0.5492906756766942,-0.12460563151182186,1.0,0.5048588239815739,3.48541737823124
-0.4683109585190816,1.0,0.679351195822605,0.9735055484733048,-1.0,0.46258679141700054,-2.480355182616566
1.0,-0.06180789894155875,0.9805166171240678,-0.5877841702046498,-0.24769580615598907,0.008753531603379938,1.5296969432794048
-0.9097267038988635,-0.2621127503203613,-0.1849812934753221,-0.22223393025344884,1.0,-0.277675958804342,2.484990436257717
0.3818538449757293,-1.0,1.0,0.5909534315591805,-0.2968546651221534,-0.037650100738482184,2.9460656605557007
-1.0,-1.0,-0.2448629396020514,-1.0,0.11706240559522453,-0.6688321608419585,1.5648618492860278
-0.6758809984585565,0.9226172159797281,0.38937403719207625,0.3748592602772577,-1.0,1.0,-0.5887018324873632
0.8833808787690802,-0.47650041493317397,0.7809676228084089,-0.6376141058436626,-0.2715057762998987,-0.4055120343459342,3.247530694952578
-0.6073752473591426,0.14310689816484262,-0.4197968740234904,0.9453224414621269,0.1246487753145614,-1.0,2.4368892366755546
-0.31208842495448685,-1.0,-1.0,-1.0,-0.954193544887518,0.45693032530880345,0.9869366043565994
-0.7651603050825895,0.1939984045850074,0.17206030779849107,0.5595843233940514,-1.0,0.042092751990590815,-1.5108792756574034
0.001043573377277937,0.33063631436341057,-0.15179188561747792,1.0,0.5536877085994726,-1.0,1.7253609376541057
0.26886477725806934,-1.0,-0.14122799283854526,-1.0,1.0,0.8174176352114824,-0.873405140266132
-1.0,-1.0,-0.46543950172880455,-1.0,0.7561658549071066,0.6702354200414493,-2.2138144693273256
-0.4743005321942596,0.48362979842487347,-0.38998534047565314,0.5962652990082185,-0.8330771137736694,-0.8399405388287453,0.40440009955397926
-1.0,-1.0,0.893825025629172,-1.0,-0.9380249538678456,-0.49688436938891867,4.6366162443516705
-1.0,-0.15221456483646334,0.25003464209832155,-0.8146891421639021,-0.9773834069328979,-0.2647716583482542,0.4374245299712922
-0.7768574637286194,-0.6201300252872792,-0.37472195592573687,-0.05175184119901299,1.0,-0.1279637151476627,1.849676837454939
-0.4442964320899993,0.45712263685456844,0.34599359640528204,0.6899084822053425,-0.31788616647157325,0.2538780371779134,-0.24764782789616457
0.1103255182365821,1.0,1.0,0.42451907932154653,0.019609136096365998,-0.5896158479909847,-1.2553547593195156
-0.6023471327672915,-0.24614561077237915,-1.0,0.003837498320283683,1.0,-0.24270048182346177,0.03247423562983187
-1.0,-0.04083125460736764,0.36111705239731473,-0.30266986387426953,1.0,1.0,2.80113176679189
-0.5208646522097345,1.0,-0.4488133679280854,0.10818424441165586,0.18204441497004864,1.0,6.0287325990794525
0.788112202908742,0.46641526488200236,1.0,0.9215680500784635,-0.6885108528448752,0.936406672980322,0.27580277223094923
1.0,0.893112226109353,-0.05867455163775298,-1.0,0.9811382610099915,-0.7663896140747009,-1.1803734369868737
-0.9280625917971717,-0.9510796287524046,-1.0,-0.3988043033601434,-0.6179049367574714,-1.0,3.3764044856777637
-1.0,-0.9414223943856721,-0.021210617951630817,-1.0,-0.597060633750954,-0.6043121435462577,2.8711694706670463
1.0,0.60528347817422,1.0,1.0,0.8076542476076412,-1.0,-1.917814946175103
-0.8635781590028986,-0.6143975501689084,-0.8302901201517198,-0.6772585285714277,-1.0,-0.4874404430100338,-1.0276777964065882
-1.0,-1.0,0.45967017031262625,-0.7783851998642779,-0.07958138716069896,-0.4624068040021523,2.3614405591634515
-0.5103990158259131,0.07886981841694318,-0.1193866836425923,-0.8949641198024922,1.0,0.6807763367886633,3.973704619767501
0.19529441622261903,0.027964598954301922,1.0,0.19264175173978365,-1.0,-0.24492313003568156,-0.15676152070961147
-0.9242835790236846,-0.8172284054810423,0.1270035238021105,-1.0,1.0,0.39826591891037166,2.283546224582365
-0.4457147215958037,0.34357158882021,1.0,0.6636440824423084,0.944362072724926,0.5247367291075964,-1.4815917438753192
-1.0,-1.0,-0.29579805311534524,-1.0,0.15755216530265848,0.051274591689796784,-2.151876915197656
-1.0,-1.0,-1.0,-1.0,-0.2779039440265224,0.48438282398990695,-5.907898234076983
-0.6437899524489445,-1.0,0.28159729388244825,-1.0,0.20142844042414054,-0.7740709694996353,4.115356957874323
-0.39846865652302343,0.3513512122727721,1.0,0.04817235142420406,0.8588266688633778,-1.0,-0.10387767134221337
-1.0,-1.0,-0.5973115588159408,0.196043824432928,-0.9389721544511449,-1.0,-0.5307621044518347
-0.14176011639403174,0.8350331410360142,0.497153389314656,-0.5774775343637084,1.0,1.0,3.9453601812719366
-0.9413237976120765,-1.0,-1.0,-1.0,0.2739377698576999,-0.5734605233187269,-4.838672387037999
1.0,0.8789061863079992,1.0,1.0,-0.08838463881126019,1.0,-4.587288152601665
1.0,0.1620123993211754,1.0,0.8418418927242343,-0.8240857072041691,0.3785752478101342,2.6088943094352337
-0.057679974725279415,0.6151417392032065,-1.0,0.838422779787461,0.9373624771344663,-1.0,0.7164454411270585
0.6575269020868287,0.44654536112192605,-0.562525299910996,0.8446778521419631,1.0,-1.0,-0.8031853585031037
0.7931803923415162,-0.06752561487013349,1.0,0.8594415025690315,-0.2434869560014068,-0.03815685530814783,1.114879909671447
0.121832098241754,-1.0,-0.3028112281387162,0.40552405631523075,-0.6389897338856041,-0.65180165580911,0.9676443515226256
-0.8014602680007632,0.8832245835091603,-0.2914289136273308,0.4749732012591762,0.6311380254153709,-0.20766734006136295,2.6336162503124734
-0.9256452531301551,-0.8669915614762645,-1.0,-1.0,-0.052005006482996,-0.18957832430388155,-4.641159881747691
1.0,0.6639087760208979,0.7590458685033585,1.0,0.8708074012159988,-0.26626641731457856,-3.083619684665298
-1.0,-0.17906919605863092,-0.09735067385764784,-1.0,-0.8109450309782009,-0.6552141769659259,-0.07367064554595781
0.10849197102996755,-0.9724143284870344,0.00027389299664581923,1.0,1.0,0.5309538259301985,-0.6283959467709279
-0.5878517814012082,0.4423729475022624,-0.6842023232536563,-0.8518674873436051,-0.6217677510037054,-1.0,-0.43228742166491335
-0.5447428460721506,0.6135352999050345,0.4374807090090207,-0.2886326872047478,1.0,1.0,5.178950539800102
-1.0,-0.07845608284278316,-1.0,-0.4700117801005197,0.460680745816893,-0.8284352771800517,4.188644232346683
1.0,1.0,0.8157458978963781,1.0,0.01062208044136792,-1.0,3.265139763109312
-0.674714221176245,0.25819008966531687,-1.0,-0.02268554696272962,-0.18918458937265575,-0.3261969813043927,0.4238825031506505
0.2266912754776679,1.0,0.37389702640673894,1.0,0.7801924430213112,0.6243398211552287,-1.7478470366941345
0.869786837365474,0.7703300201023779,1.0,0.5717333624015822,-0.21682456570768172,-1.0,3.0420988016570214
0.3224041274522086,0.6878412544106578,-0.34994605239239607,1.0,-0.07171418969265517,0.9696336966482431,3.997026689611739
-0.016105669422822988,-0.6565351537981541,-0.3762031559028316,-1.0,0.7377849760538813,-0.7359068109790523,2.9251080668795773
-1.0,-0.04729273306396595,-0.8800446907740915,-1.0,0.8932389578168212,1.0,7.763304904255181
-0.4071007265467384,-0.015342391641283204,-0.1598239405477665,-0.5602390675512545,0.6549999237403921,0.14370605813165882,1.196619347501237
0.1223153372986109,0.13971586735258096,-0.943869385885661,-0.25417692644799983,-0.22496543537528568,0.1268883187855364,0.1146474640639063
-1.0,0.3548011331988692,0.11317771740261726,-1.0,-0.5782119690075747,-1.0,-0.4096208941291974
1.0,-0.2428310406471929,0.06928353929958275,0.7146208484624607,-0.049996153736831306,0.3936096435326579,0.029016191902886235
0.3351439717051827,0.13426949143969125,1.0,-1.0,-0.6164024967079439,1.0,0.19482351663515024
-1.0,-1.0,-1.0,-1.0,-1.0,-0.37429692299285966,-1.0868132076997346
0.9505565051665346,-0.4779312746290344,1.0,0.08774654238149382,-0.021008584297262822,0.7038616067605201,0.06669857457186334
0.002636723928390594,-0.6869564273739364,-0.13912785147666495,0.6047696963358947,0.01774286638158984,0.6551718841464922,1.5642469485309425
-0.26807160317121015,-1.0,-0.7087143106953695,-1.0,1.0,-0.020863153509747434,-2.4813249176247867
-1.0,-0.6501262287575204,-0.20653777128707218,-0.0592150276308826,-1.0,-1.0,-0.79749875570416
0.5100497773869821,0.3430783174456745,-1.0,-0.8654727584172516,0.9449422718819004,0.4252260687551657,0.673956857730678
1.0,0.09170161406142907,1.0,0.08887634518798238,0.7209172307148559,-0.40740890210031155,-2.9720219568121338
1.0,1.0,0.02919618709230229,0.6385448043924675,0.767849487875176,1.0,0.982996794471573
1.0,0.23004305319717555,-0.28111213159569315,0.31528409488382025,0.8793555470959057,-0.19091457511937587,-2.046393042639907
-0.66636307223903,-0.395056364959223,0.8816393589414133,-0.3450126594656222,-1.0,-1.0,-0.2615577017489038
-0.8122696752122127,-0.6237679014120565,-0.005050614035384954,-0.1921086276038806,0.806461938249606,1.0,2.5941451853377417
-0.6087073152237401,-0.08686557148056073,-0.21728872366718321,-0.46542514645526417,0.7209679505049462,0.5794410272324133,1.3919709605116273
0.47009941050813,0.8698620465701721,0.5000661599403273,1.0,-0.5765468791428692,0.6582655147188907,0.8571916359666533
1.0,0.27125608463299,-0.45091265277146003,-0.13433076707648273,-0.6475014490144929,0.9297938866677846,5.89960272340388
0.724251290253526,0.7218555065262816,0.8337359979593628,-0.007282590816746981,0.1458895900696815,0.3875833402761129,-1.482450520808353
-0.14912561431847082,-0.948883677131577,0.15332969393332319,-0.7747485781666337,-0.02461050235537622,0.6773608745790586,-1.4599473032400243
0.5552853762709418,1.0,0.7785200440482268,0.359103812142769,-0.04412819378253785,-0.34014819196242096,-0.8914128796462346
-1.0,-0.5525635676574523,-1.0,-0.09379347835218066,-0.4632769859879624,-1.0,5.006200171572737
-0.31314127371227807,-0.7046563322188788,0.011424407340901457,-0.08740441177106417,0.35343156384486546,1.0,1.3089002076038343
0.5171881571191036,-0.5423709541785203,-0.9630495544867939,-0.04312688058807433,0.8882106003464411,-0.08105913445458385,-3.8014557200497148
0.600772197281955,-0.15544434133546292,0.06094546566497738,0.43727364576179767,1.0,-1.0,0.35857604157913947
1.0,0.7133883811894666,-0.7112692700354833,0.7741092827299466,0.006051611310421368,0.712851627148512,1.6116802337171139
-0.7249980131531756,0.26918698198016244,-0.9310257540142912,-0.7574157209154266,-0.47772813381602436,-0.5958749589127043,-0.5123891940576605
0.984213335345995,0.5504160944159728,0.1679880051953584,0.24464035078385038,0.021842407558505306,0.19025851119156942,-0.20748964324448296
-0.4342447375712686,-0.8377057002352533,0.5752292625648714,-0.13447790921729913,0.2942532598895231,1.0,0.014689074790759316
-1.0,-1.0,-0.16802741858038717,-1.0,-1.0,-1.0,5.566598754822361
0.6356220374851836,-0.30098046224895836,-0.25382641088951263,-0.39966180404448937,-0.06994347227518843,-0.3097868625626219,0.24118154336458036
-1.0,-0.28270281717375134,-0.516802587491833,-0.1960529688196524,-1.0,-0.6231745216006914,-2.174267410441125
-0.866086937116751,-1.0,0.9116473024875772,-0.5744531335171535,0.7966580833781602,0.6667229098050488,0.1160275881066129
-0.034000170928919715,-0.9672427032165261,-1.0,-0.2326399099556703,0.30211682008764507,0.4939962691962765,-1.2967724507061877
0.291762413797065,0.6866902817600191,-0.5237870596671799,-0.09351712506637638,1.0,0.6350734270297778,3.2870027209222874
0.8432034240702968,1.0,0.37728000945158513,0.7844666714733748,0.45330815605586444,0.7652858749915953,-1.475487714405291
-0.7818801381157446,-1.0,-0.5901855821459946,0.07031514255236548,0.7452266846973228,1.0,4.022970149006182
-1.0,-0.3213261019418181,-0.7370637872472865,-1.0,1.0,1.0,6.659913673051436
-1.0,-1.0,-0.9229829139259864,-1.0,0.021026974838731505,-0.6466345246461163,-2.501491477990621
-0.669407911062757,-1.0,-1.0,-0.14050001320804928,-1.0,-0.8041227673612666,-0.852160488899402
-0.2221298407865236,0.2664501402450059,-0.6878323836500089,-0.2011022632572732,-1.0,-1.0,-0.9383228904988195
-0.7134259514230328,-0.8571283005372926,-1.0,-1.0,-0.4474520263268371,-0.24251938192106332,-3.45390921366682
0.4232297372415547,-1.0,0.10885102777436695,-0.7568636767404728,1.0,1.0,-1.0053627732456025
1.0,-0.019693438519895398,-1.0,0.518576578302823,0.3408620516948338,-0.7367505944260891,-1.4200853222507193
1.0,0.4920736645691021,0.4593304131421706,0.7739875585635697,0.9168039186859525,0.08008720955626414,-2.5236102717749103
-0.21541412788621428,0.3625853954782996,0.6429987819612402,0.42539833578667463,-0.9024943563577283,-1.0,1.0170152631603664
-0.5067374233747235,0.04878863433478031,-0.18019245061023786,1.0,0.4431724820274714,-0.43893062966983143,0.8314387550316418
-0.025808687806281427,-0.24337141747014066,-1.0,-0.10921102747500466,1.0,0.17755650358191377,-1.2428596436217847
0.32079316866077345,0.5460870079633101,0.07322248016105101,1.0,1.0,0.015354065484932011,-0.8392593198344622
0.9107411210354794,-0.20747662531818184,0.44252967321585424,0.7215675923511553,-0.8066956143840751,0.8976500396162449,4.667513784346066
-0.11820236027655656,0.42804121792762057,0.07730199026181428,0.20711476713943222,-0.4737992264370715,-0.9608904573371907,1.1219509160975507
1.0,1.0,0.1260722036730103,0.7055729538738853,-0.29437013692116465,-0.2072181430240424,1.6610769121084294
0.10671647467813317,0.4020048739918532,-0.22079471592665345,-1.0,0.40114218075989716,0.7859954903020059,4.073413973653233
1.0,0.1545256637776493,1.0,0.9944346100388071,-0.7111280952183843,-1.0,7.487018712396404
0.010526165991256775,0.5784872634518123,0.13975292922832167,-1.0,0.8574632367578892,1.0,6.467017736825657
-0.8700767043441721,-1.0,-0.7852324168226527,-1.0,1.0,0.16153477499978686,-3.6000508657534107
0.3555423463537002,1.0,0.12642216347951996,1.0,0.7275435789360236,0.834794148942858,0.6220686160072508
-0.5258882547769401,-0.06782570288020953,-0.8469872160417007,0.7778666520735282,-0.8060247497738088,-0.34977028161054546,-2.4693643248159045
-0.3063570229859798,-0.5526517578398323,0.770613868492771,0.349321799753512,-1.0,1.0,-0.31881249898013075
-0.394950469914865,1.0,-0.5709386865921126,1.0,0.5758813809724894,-0.12552771252130257,1.4028564365322858
-0.3191632101636579,1.0,-0.6218634726071569,-0.5806696710845078,0.6268241600763682,1.0,9.490582211921666
0.9225753972608144,-1.0,0.07583787435417066,-1.0,-0.00040059942487313815,0.5931773322248696,-0.237070021919569
-0.8674529716124011,-0.4953268582981546,-0.14840061086219436,-1.0,0.39670293112888205,0.8027484496175211,0.6008420282939948
0.376143285169094,0.5745516864915571,-0.12814611165986312,-0.02940428429519948,0.02746133166782383,-1.0,2.6415853615551983
-0.7287911322369625,-0.4512659956491747,-0.14736921429467698,-1.0,-0.8224333932820509,-0.6712789805395792,1.7965283550612359
-0.24016948079213973,-0.0845174328655533,1.0,1.0,1.0,0.9699130473728781,-0.019649656098267965
0.4238056135717281,0.25617035473899397,1.0,0.4256008167299366,-0.259469270696121,-0.8210302830879537,2.0493153395568915
-0.024847333033363173,-1.0,-1.0,-0.6296754361050798,0.33901108085730114,0.23914876784831418,-3.133763291061906
-1.0,0.09617431006069666,0.24261583266552783,-0.4099155071134237,0.2634119095621522,-0.8743642305864465,3.448676353366859
-0.3115178217699656,0.3278284464990895,-0.8396465398519651,0.5936126169602686,-1.0,0.5407025230848649,0.07286422070909265
1.0,0.9533804217752238,1.0,0.8932543369228303,1.0,1.0,-8.689903171363706
0.3113437244343186,0.15874103026860706,-0.1990202949999919,0.27894450510389956,-1.0,-0.6859846841239946,1.5151891386133365
-0.023363045823985074,-0.37740301962886424,-0.18849653891314122,-1.0,-0.05271977114437865,-1.0,3.4284898337049894
0.7176367412177771,1.0,1.0,1.0,0.43508660700167684,-0.6944536744395345,-3.313829781202889
0.9578462996850136,-0.8322589058122147,-0.3868545314886461,0.38130617850557946,-0.5175047259963322,0.00994557121433709,1.353261245049423
-1.0,-0.8352651287071707,0.15773053734251763,-0.2084671750205673,0.7752635318394756,1.0,3.640515707446607
-0.3982784427665218,-0.9716652843897469,-1.0,-0.015788156326866476,-0.30095166057565415,-0.029829177197858492,-2.056553743807692
1.0,1.0,0.7481782142629444,0.8372341124033825,1.0,0.37107295448898825,-7.196189366039199
-0.9708455844710848,-0.43578346683178015,-0.45233256847699255,-0.8410955452715427,0.6465834238648434,-0.5912165086098702,4.010156592787521
-1.0,-1.0,-1.0,-0.03896715257246086,1.0,0.3722656276227583,-4.311766269900726
-0.3891098888896173,-0.9746268925093645,-1.0,-1.0,-0.886610492426512,-0.35013730796704934,0.5915636969328415
-1.0,-0.6290114208596416,-1.0,-1.0,0.4217118501640568,-0.6248368826063098,-0.6053106007809089
1.0,1.0,1.0,1.0,-1.0,-0.6347868212663199,6.807923422945781
-0.04856820221813041,-0.163127653205958,-1.0,-1.0,0.8406632715083129,1.0,4.7700836892030445
1.0,1.0,1.0,0.04914911126348698,1.0,1.0,-5.0359936930207265
-1.0,0.738775255273501,-0.6425910560941881,-0.0941467210972542,-0.36919826810997436,-1.0,2.3024423926145605
0.376078338651576,1.0,1.0,0.0880394405122682,0.68615676142822,0.6826833075116596,-3.2344923292777294
-1.0,0.23393077644361882,0.10233371022986476,-0.13595160972051074,0.3093227133701617,1.0,2.313800583941831
-0.9882185399521772,-0.9447189628995327,0.5641003738909574,-1.0,-1.0,-1.0,7.003351422404477
0.5813206902242258,0.38041865529234364,0.5535043126515498,0.544125959086593,-0.37504098069015535,1.0,2.1894476574439574
-0.08140013514799291,-0.2620041919095842,-0.6931993302746389,-1.0,-1.0,-0.10234649025684472,1.413967867406658
1.0,0.312905675960955,0.4283458519212488,0.46676954436417084,1.0,-0.4872560077344505,-2.4989376518275472
0.7202447183870269,-1.0,0.6453278590695359,1.0,0.11987786003139211,0.5452544193431178,2.164262237068686
-1.0,-0.6047275847916547,-0.3183373572061292,-0.6789940216787709,-0.26923590541184106,0.1529081943657239,-0.7619283954813365
0.7735413819865771,0.6839035803872022,1.0,1.0,0.9027685524759634,0.3459472981574183,-5.229869343503624
1.0,0.9447845107451878,1.0,0.3859593931164893,-0.1443314434313474,-0.6209930584021709,1.136003218722602
-0.5351801467150387,-1.0,-1.0,1.0,-1.0,0.742797011388949,-0.36941705014756787
1.0,0.4099050258748145,0.07971287811204097,0.775246369416812,-0.7467135851181605,0.18560763617068696,1.4317980143455893
-0.6202603593681908,-0.5759269195271148,-0.9455898833891548,-1.0,-0.8789783312908963,-0.6243762044657075,0.43187508653664325
0.15819829866998392,1.0,1.0,1.0,-0.13095806948367472,-1.0,0.38950273676847813
